,full_date,value,merge,date
0,"July 19, 2020",1,2020-07-19,2020-07-19T04:00:00.000Z
1,"July 20, 2020",1,2020-07-20,2020-07-20T04:00:00.000Z
2,"July 23, 2020",1,2020-07-23,2020-07-23T04:00:00.000Z
3,"July 24, 2020",1,2020-07-24,2020-07-24T04:00:00.000Z
4,"July 28, 2020",1,2020-07-28,2020-07-28T04:00:00.000Z
5,"August 05, 2020",1,2020-08-05,2020-08-05T04:00:00.000Z
6,"August 07, 2020",1,2020-08-07,2020-08-07T04:00:00.000Z
7,"August 12, 2020",1,2020-08-12,2020-08-12T04:00:00.000Z
8,"August 13, 2020",1,2020-08-13,2020-08-13T04:00:00.000Z
9,"August 14, 2020",2,2020-08-14,2020-08-14T04:00:00.000Z
10,"August 15, 2020",2,2020-08-15,2020-08-15T04:00:00.000Z
11,"August 18, 2020",1,2020-08-18,2020-08-18T04:00:00.000Z
12,"August 20, 2020",1,2020-08-20,2020-08-20T04:00:00.000Z
13,"August 21, 2020",1,2020-08-21,2020-08-21T04:00:00.000Z
14,"August 22, 2020",2,2020-08-22,2020-08-22T04:00:00.000Z
15,"August 24, 2020",1,2020-08-24,2020-08-24T04:00:00.000Z
16,"August 25, 2020",1,2020-08-25,2020-08-25T04:00:00.000Z
17,"August 26, 2020",4,2020-08-26,2020-08-26T04:00:00.000Z
18,"August 27, 2020",2,2020-08-27,2020-08-27T04:00:00.000Z
19,"August 28, 2020",3,2020-08-28,2020-08-28T04:00:00.000Z
20,"September 01, 2020",1,2020-09-01,2020-09-01T04:00:00.000Z
21,"September 02, 2020",2,2020-09-02,2020-09-02T04:00:00.000Z
22,"September 03, 2020",3,2020-09-03,2020-09-03T04:00:00.000Z
23,"September 04, 2020",1,2020-09-04,2020-09-04T04:00:00.000Z
24,"September 07, 2020",1,2020-09-07,2020-09-07T04:00:00.000Z
25,"September 08, 2020",4,2020-09-08,2020-09-08T04:00:00.000Z
26,"September 09, 2020",6,2020-09-09,2020-09-09T04:00:00.000Z
27,"September 10, 2020",6,2020-09-10,2020-09-10T04:00:00.000Z
28,"September 11, 2020",7,2020-09-11,2020-09-11T04:00:00.000Z
29,"September 12, 2020",4,2020-09-12,2020-09-12T04:00:00.000Z
30,"September 13, 2020",1,2020-09-13,2020-09-13T04:00:00.000Z
31,"September 14, 2020",3,2020-09-14,2020-09-14T04:00:00.000Z
32,"September 15, 2020",5,2020-09-15,2020-09-15T04:00:00.000Z
33,"September 16, 2020",4,2020-09-16,2020-09-16T04:00:00.000Z
34,"September 17, 2020",3,2020-09-17,2020-09-17T04:00:00.000Z
35,"September 21, 2020",2,2020-09-21,2020-09-21T04:00:00.000Z
36,"September 24, 2020",3,2020-09-24,2020-09-24T04:00:00.000Z
37,"September 25, 2020",5,2020-09-25,2020-09-25T04:00:00.000Z
38,"September 26, 2020",6,2020-09-26,2020-09-26T04:00:00.000Z
39,"September 27, 2020",4,2020-09-27,2020-09-27T04:00:00.000Z
40,"September 28, 2020",1,2020-09-28,2020-09-28T04:00:00.000Z
41,"September 29, 2020",7,2020-09-29,2020-09-29T04:00:00.000Z
42,"September 30, 2020",2,2020-09-30,2020-09-30T04:00:00.000Z
43,"October 01, 2020",8,2020-10-01,2020-10-01T04:00:00.000Z
44,"October 02, 2020",3,2020-10-02,2020-10-02T04:00:00.000Z
45,"October 03, 2020",2,2020-10-03,2020-10-03T04:00:00.000Z
46,"October 04, 2020",3,2020-10-04,2020-10-04T04:00:00.000Z
47,"October 05, 2020",1,2020-10-05,2020-10-05T04:00:00.000Z
48,"October 06, 2020",5,2020-10-06,2020-10-06T04:00:00.000Z
49,"October 07, 2020",4,2020-10-07,2020-10-07T04:00:00.000Z
50,"October 08, 2020",3,2020-10-08,2020-10-08T04:00:00.000Z
51,"October 09, 2020",2,2020-10-09,2020-10-09T04:00:00.000Z
52,"October 10, 2020",4,2020-10-10,2020-10-10T04:00:00.000Z
53,"October 11, 2020",1,2020-10-11,2020-10-11T04:00:00.000Z
54,"October 12, 2020",1,2020-10-12,2020-10-12T04:00:00.000Z
55,"October 13, 2020",7,2020-10-13,2020-10-13T04:00:00.000Z
56,"October 14, 2020",4,2020-10-14,2020-10-14T04:00:00.000Z
57,"October 15, 2020",2,2020-10-15,2020-10-15T04:00:00.000Z
58,"October 16, 2020",1,2020-10-16,2020-10-16T04:00:00.000Z
59,"October 18, 2020",4,2020-10-18,2020-10-18T04:00:00.000Z
60,"October 19, 2020",3,2020-10-19,2020-10-19T04:00:00.000Z
61,"October 20, 2020",5,2020-10-20,2020-10-20T04:00:00.000Z
62,"October 21, 2020",5,2020-10-21,2020-10-21T04:00:00.000Z
63,"October 22, 2020",6,2020-10-22,2020-10-22T04:00:00.000Z
64,"October 23, 2020",2,2020-10-23,2020-10-23T04:00:00.000Z
65,"October 24, 2020",4,2020-10-24,2020-10-24T04:00:00.000Z
66,"October 25, 2020",2,2020-10-25,2020-10-25T04:00:00.000Z
67,"October 26, 2020",3,2020-10-26,2020-10-26T04:00:00.000Z
68,"October 27, 2020",4,2020-10-27,2020-10-27T04:00:00.000Z
69,"October 28, 2020",7,2020-10-28,2020-10-28T04:00:00.000Z
70,"October 29, 2020",8,2020-10-29,2020-10-29T04:00:00.000Z
71,"October 30, 2020",1,2020-10-30,2020-10-30T04:00:00.000Z
72,"October 31, 2020",1,2020-10-31,2020-10-31T04:00:00.000Z
73,"November 02, 2020",2,2020-11-02,2020-11-02T05:00:00.000Z
74,"November 04, 2020",1,2020-11-04,2020-11-04T05:00:00.000Z
75,"November 05, 2020",3,2020-11-05,2020-11-05T05:00:00.000Z
76,"November 06, 2020",2,2020-11-06,2020-11-06T05:00:00.000Z
77,"November 07, 2020",2,2020-11-07,2020-11-07T05:00:00.000Z
78,"November 09, 2020",2,2020-11-09,2020-11-09T05:00:00.000Z
79,"November 10, 2020",5,2020-11-10,2020-11-10T05:00:00.000Z
80,"November 11, 2020",2,2020-11-11,2020-11-11T05:00:00.000Z
81,"November 12, 2020",6,2020-11-12,2020-11-12T05:00:00.000Z
82,"November 13, 2020",1,2020-11-13,2020-11-13T05:00:00.000Z
83,"November 14, 2020",4,2020-11-14,2020-11-14T05:00:00.000Z
84,"November 15, 2020",1,2020-11-15,2020-11-15T05:00:00.000Z
85,"November 16, 2020",1,2020-11-16,2020-11-16T05:00:00.000Z
86,"November 17, 2020",3,2020-11-17,2020-11-17T05:00:00.000Z
87,"November 18, 2020",8,2020-11-18,2020-11-18T05:00:00.000Z
88,"November 19, 2020",1,2020-11-19,2020-11-19T05:00:00.000Z
89,"November 23, 2020",3,2020-11-23,2020-11-23T05:00:00.000Z
90,"November 24, 2020",3,2020-11-24,2020-11-24T05:00:00.000Z
91,"December 01, 2020",1,2020-12-01,2020-12-01T05:00:00.000Z
92,"December 02, 2020",2,2020-12-02,2020-12-02T05:00:00.000Z
93,"December 03, 2020",5,2020-12-03,2020-12-03T05:00:00.000Z
94,"December 04, 2020",1,2020-12-04,2020-12-04T05:00:00.000Z
95,"December 05, 2020",2,2020-12-05,2020-12-05T05:00:00.000Z
96,"December 06, 2020",1,2020-12-06,2020-12-06T05:00:00.000Z
97,"December 07, 2020",4,2020-12-07,2020-12-07T05:00:00.000Z
98,"December 08, 2020",6,2020-12-08,2020-12-08T05:00:00.000Z
99,"December 09, 2020",7,2020-12-09,2020-12-09T05:00:00.000Z
100,"December 10, 2020",4,2020-12-10,2020-12-10T05:00:00.000Z
101,"December 11, 2020",1,2020-12-11,2020-12-11T05:00:00.000Z
102,"December 13, 2020",2,2020-12-13,2020-12-13T05:00:00.000Z
103,"December 14, 2020",2,2020-12-14,2020-12-14T05:00:00.000Z
104,"December 15, 2020",4,2020-12-15,2020-12-15T05:00:00.000Z
105,"December 16, 2020",1,2020-12-16,2020-12-16T05:00:00.000Z
106,"December 17, 2020",6,2020-12-17,2020-12-17T05:00:00.000Z
107,"December 18, 2020",1,2020-12-18,2020-12-18T05:00:00.000Z
108,"December 19, 2020",1,2020-12-19,2020-12-19T05:00:00.000Z
109,"December 21, 2020",5,2020-12-21,2020-12-21T05:00:00.000Z
110,"December 22, 2020",3,2020-12-22,2020-12-22T05:00:00.000Z
111,"December 23, 2020",1,2020-12-23,2020-12-23T05:00:00.000Z
112,"December 29, 2020",2,2020-12-29,2020-12-29T05:00:00.000Z
113,"December 30, 2020",1,2020-12-30,2020-12-30T05:00:00.000Z
114,"January 04, 2021",1,2021-01-04,2021-01-04T05:00:00.000Z
115,"January 06, 2021",3,2021-01-06,2021-01-06T05:00:00.000Z
116,"January 07, 2021",6,2021-01-07,2021-01-07T05:00:00.000Z
117,"January 11, 2021",2,2021-01-11,2021-01-11T05:00:00.000Z
118,"January 12, 2021",5,2021-01-12,2021-01-12T05:00:00.000Z
119,"January 13, 2021",4,2021-01-13,2021-01-13T05:00:00.000Z
120,"January 14, 2021",2,2021-01-14,2021-01-14T05:00:00.000Z
121,"January 15, 2021",2,2021-01-15,2021-01-15T05:00:00.000Z
122,"January 17, 2021",1,2021-01-17,2021-01-17T05:00:00.000Z
123,"January 18, 2021",8,2021-01-18,2021-01-18T05:00:00.000Z
124,"January 19, 2021",3,2021-01-19,2021-01-19T05:00:00.000Z
125,"January 20, 2021",4,2021-01-20,2021-01-20T05:00:00.000Z
126,"January 21, 2021",3,2021-01-21,2021-01-21T05:00:00.000Z
127,"January 22, 2021",1,2021-01-22,2021-01-22T05:00:00.000Z
128,"January 25, 2021",2,2021-01-25,2021-01-25T05:00:00.000Z
129,"January 26, 2021",9,2021-01-26,2021-01-26T05:00:00.000Z
130,"January 27, 2021",3,2021-01-27,2021-01-27T05:00:00.000Z
131,"January 28, 2021",6,2021-01-28,2021-01-28T05:00:00.000Z
132,"January 29, 2021",2,2021-01-29,2021-01-29T05:00:00.000Z
133,"February 01, 2021",2,2021-02-01,2021-02-01T05:00:00.000Z
134,"February 02, 2021",1,2021-02-02,2021-02-02T05:00:00.000Z
135,"February 03, 2021",6,2021-02-03,2021-02-03T05:00:00.000Z
136,"February 04, 2021",8,2021-02-04,2021-02-04T05:00:00.000Z
137,"February 05, 2021",2,2021-02-05,2021-02-05T05:00:00.000Z
138,"February 08, 2021",1,2021-02-08,2021-02-08T05:00:00.000Z
139,"February 09, 2021",6,2021-02-09,2021-02-09T05:00:00.000Z
140,"February 10, 2021",7,2021-02-10,2021-02-10T05:00:00.000Z
141,"February 11, 2021",1,2021-02-11,2021-02-11T05:00:00.000Z
142,"February 13, 2021",1,2021-02-13,2021-02-13T05:00:00.000Z
143,"February 15, 2021",1,2021-02-15,2021-02-15T05:00:00.000Z
144,"February 16, 2021",3,2021-02-16,2021-02-16T05:00:00.000Z
145,"February 17, 2021",6,2021-02-17,2021-02-17T05:00:00.000Z
146,"February 18, 2021",3,2021-02-18,2021-02-18T05:00:00.000Z
147,"February 19, 2021",1,2021-02-19,2021-02-19T05:00:00.000Z
148,"February 21, 2021",5,2021-02-21,2021-02-21T05:00:00.000Z
149,"February 22, 2021",3,2021-02-22,2021-02-22T05:00:00.000Z
150,"February 23, 2021",2,2021-02-23,2021-02-23T05:00:00.000Z
151,"February 24, 2021",4,2021-02-24,2021-02-24T05:00:00.000Z
152,"February 25, 2021",5,2021-02-25,2021-02-25T05:00:00.000Z
153,"February 26, 2021",3,2021-02-26,2021-02-26T05:00:00.000Z
154,"February 28, 2021",2,2021-02-28,2021-02-28T05:00:00.000Z
155,"March 01, 2021",1,2021-03-01,2021-03-01T05:00:00.000Z
156,"March 02, 2021",1,2021-03-02,2021-03-02T05:00:00.000Z
157,"March 03, 2021",2,2021-03-03,2021-03-03T05:00:00.000Z
158,"March 04, 2021",3,2021-03-04,2021-03-04T05:00:00.000Z
159,"March 06, 2021",1,2021-03-06,2021-03-06T05:00:00.000Z
160,"March 08, 2021",3,2021-03-08,2021-03-08T05:00:00.000Z
161,"March 09, 2021",3,2021-03-09,2021-03-09T05:00:00.000Z
162,"March 10, 2021",3,2021-03-10,2021-03-10T05:00:00.000Z
163,"March 11, 2021",7,2021-03-11,2021-03-11T05:00:00.000Z
164,"March 15, 2021",1,2021-03-15,2021-03-15T04:00:00.000Z
165,"March 16, 2021",6,2021-03-16,2021-03-16T04:00:00.000Z
166,"March 17, 2021",5,2021-03-17,2021-03-17T04:00:00.000Z
167,"March 18, 2021",4,2021-03-18,2021-03-18T04:00:00.000Z
168,"March 21, 2021",5,2021-03-21,2021-03-21T04:00:00.000Z
169,"March 22, 2021",2,2021-03-22,2021-03-22T04:00:00.000Z
170,"March 23, 2021",4,2021-03-23,2021-03-23T04:00:00.000Z
171,"March 24, 2021",5,2021-03-24,2021-03-24T04:00:00.000Z
172,"March 25, 2021",9,2021-03-25,2021-03-25T04:00:00.000Z
173,"March 26, 2021",3,2021-03-26,2021-03-26T04:00:00.000Z
174,"March 27, 2021",2,2021-03-27,2021-03-27T04:00:00.000Z
175,"March 29, 2021",2,2021-03-29,2021-03-29T04:00:00.000Z
176,"March 30, 2021",5,2021-03-30,2021-03-30T04:00:00.000Z
177,"March 31, 2021",4,2021-03-31,2021-03-31T04:00:00.000Z
178,"April 01, 2021",1,2021-04-01,2021-04-01T04:00:00.000Z
179,"April 03, 2021",1,2021-04-03,2021-04-03T04:00:00.000Z
180,"April 04, 2021",1,2021-04-04,2021-04-04T04:00:00.000Z
181,"April 05, 2021",2,2021-04-05,2021-04-05T04:00:00.000Z
182,"April 06, 2021",5,2021-04-06,2021-04-06T04:00:00.000Z
183,"April 07, 2021",3,2021-04-07,2021-04-07T04:00:00.000Z
184,"April 08, 2021",4,2021-04-08,2021-04-08T04:00:00.000Z
185,"April 12, 2021",3,2021-04-12,2021-04-12T04:00:00.000Z
186,"April 13, 2021",5,2021-04-13,2021-04-13T04:00:00.000Z
187,"April 14, 2021",9,2021-04-14,2021-04-14T04:00:00.000Z
188,"April 15, 2021",1,2021-04-15,2021-04-15T04:00:00.000Z
189,"April 18, 2021",5,2021-04-18,2021-04-18T04:00:00.000Z
190,"April 19, 2021",1,2021-04-19,2021-04-19T04:00:00.000Z
191,"April 20, 2021",6,2021-04-20,2021-04-20T04:00:00.000Z
192,"April 21, 2021",8,2021-04-21,2021-04-21T04:00:00.000Z
193,"April 22, 2021",3,2021-04-22,2021-04-22T04:00:00.000Z
194,"April 24, 2021",2,2021-04-24,2021-04-24T04:00:00.000Z
195,"April 25, 2021",1,2021-04-25,2021-04-25T04:00:00.000Z
196,"April 26, 2021",3,2021-04-26,2021-04-26T04:00:00.000Z
197,"April 27, 2021",8,2021-04-27,2021-04-27T04:00:00.000Z
198,"April 28, 2021",4,2021-04-28,2021-04-28T04:00:00.000Z
199,"April 29, 2021",2,2021-04-29,2021-04-29T04:00:00.000Z
200,"April 30, 2021",1,2021-04-30,2021-04-30T04:00:00.000Z
201,"May 02, 2021",2,2021-05-02,2021-05-02T04:00:00.000Z
202,"May 03, 2021",1,2021-05-03,2021-05-03T04:00:00.000Z
203,"May 04, 2021",3,2021-05-04,2021-05-04T04:00:00.000Z
204,"May 05, 2021",3,2021-05-05,2021-05-05T04:00:00.000Z
205,"May 06, 2021",8,2021-05-06,2021-05-06T04:00:00.000Z
206,"May 08, 2021",1,2021-05-08,2021-05-08T04:00:00.000Z
207,"May 10, 2021",2,2021-05-10,2021-05-10T04:00:00.000Z
208,"May 11, 2021",5,2021-05-11,2021-05-11T04:00:00.000Z
209,"May 12, 2021",7,2021-05-12,2021-05-12T04:00:00.000Z
210,"May 13, 2021",2,2021-05-13,2021-05-13T04:00:00.000Z
211,"May 15, 2021",1,2021-05-15,2021-05-15T04:00:00.000Z
212,"May 16, 2021",3,2021-05-16,2021-05-16T04:00:00.000Z
213,"May 17, 2021",1,2021-05-17,2021-05-17T04:00:00.000Z
214,"May 18, 2021",6,2021-05-18,2021-05-18T04:00:00.000Z
215,"May 19, 2021",7,2021-05-19,2021-05-19T04:00:00.000Z
216,"May 20, 2021",6,2021-05-20,2021-05-20T04:00:00.000Z
217,"May 22, 2021",1,2021-05-22,2021-05-22T04:00:00.000Z
218,"May 23, 2021",1,2021-05-23,2021-05-23T04:00:00.000Z
219,"May 24, 2021",2,2021-05-24,2021-05-24T04:00:00.000Z
220,"May 25, 2021",6,2021-05-25,2021-05-25T04:00:00.000Z
221,"May 26, 2021",6,2021-05-26,2021-05-26T04:00:00.000Z
222,"May 27, 2021",4,2021-05-27,2021-05-27T04:00:00.000Z
223,"May 29, 2021",1,2021-05-29,2021-05-29T04:00:00.000Z
224,"May 31, 2021",3,2021-05-31,2021-05-31T04:00:00.000Z
225,"June 02, 2021",5,2021-06-02,2021-06-02T04:00:00.000Z
226,"June 03, 2021",5,2021-06-03,2021-06-03T04:00:00.000Z
227,"June 04, 2021",1,2021-06-04,2021-06-04T04:00:00.000Z
228,"June 05, 2021",2,2021-06-05,2021-06-05T04:00:00.000Z
229,"June 07, 2021",1,2021-06-07,2021-06-07T04:00:00.000Z
230,"June 08, 2021",7,2021-06-08,2021-06-08T04:00:00.000Z
231,"June 09, 2021",7,2021-06-09,2021-06-09T04:00:00.000Z
232,"June 10, 2021",4,2021-06-10,2021-06-10T04:00:00.000Z
233,"June 12, 2021",4,2021-06-12,2021-06-12T04:00:00.000Z
234,"June 13, 2021",3,2021-06-13,2021-06-13T04:00:00.000Z
235,"June 14, 2021",2,2021-06-14,2021-06-14T04:00:00.000Z
236,"June 15, 2021",4,2021-06-15,2021-06-15T04:00:00.000Z
237,"June 16, 2021",6,2021-06-16,2021-06-16T04:00:00.000Z
238,"June 17, 2021",5,2021-06-17,2021-06-17T04:00:00.000Z
239,"June 19, 2021",8,2021-06-19,2021-06-19T04:00:00.000Z
240,"June 20, 2021",1,2021-06-20,2021-06-20T04:00:00.000Z
241,"June 21, 2021",1,2021-06-21,2021-06-21T04:00:00.000Z
242,"June 22, 2021",3,2021-06-22,2021-06-22T04:00:00.000Z
243,"June 23, 2021",4,2021-06-23,2021-06-23T04:00:00.000Z
244,"June 25, 2021",2,2021-06-25,2021-06-25T04:00:00.000Z
245,"June 26, 2021",1,2021-06-26,2021-06-26T04:00:00.000Z
246,"June 28, 2021",3,2021-06-28,2021-06-28T04:00:00.000Z
247,"June 29, 2021",5,2021-06-29,2021-06-29T04:00:00.000Z
248,"June 30, 2021",4,2021-06-30,2021-06-30T04:00:00.000Z
249,"July 07, 2021",1,2021-07-07,2021-07-07T04:00:00.000Z
250,"July 08, 2021",3,2021-07-08,2021-07-08T04:00:00.000Z
251,"July 10, 2021",2,2021-07-10,2021-07-10T04:00:00.000Z
252,"July 11, 2021",1,2021-07-11,2021-07-11T04:00:00.000Z
253,"July 13, 2021",1,2021-07-13,2021-07-13T04:00:00.000Z
254,"July 14, 2021",1,2021-07-14,2021-07-14T04:00:00.000Z
255,"July 15, 2021",3,2021-07-15,2021-07-15T04:00:00.000Z
256,"July 16, 2021",1,2021-07-16,2021-07-16T04:00:00.000Z
257,"July 17, 2021",2,2021-07-17,2021-07-17T04:00:00.000Z
258,"July 18, 2021",1,2021-07-18,2021-07-18T04:00:00.000Z
259,"July 20, 2021",2,2021-07-20,2021-07-20T04:00:00.000Z
260,"July 21, 2021",3,2021-07-21,2021-07-21T04:00:00.000Z
261,"July 22, 2021",1,2021-07-22,2021-07-22T04:00:00.000Z
262,"July 23, 2021",3,2021-07-23,2021-07-23T04:00:00.000Z
263,"July 24, 2021",1,2021-07-24,2021-07-24T04:00:00.000Z
264,"July 28, 2021",3,2021-07-28,2021-07-28T04:00:00.000Z
265,"July 29, 2021",2,2021-07-29,2021-07-29T04:00:00.000Z
266,"July 31, 2021",1,2021-07-31,2021-07-31T04:00:00.000Z
267,"August 01, 2021",2,2021-08-01,2021-08-01T04:00:00.000Z
268,"August 02, 2021",1,2021-08-02,2021-08-02T04:00:00.000Z
269,"August 03, 2021",17,2021-08-03,2021-08-03T04:00:00.000Z
270,"August 04, 2021",1,2021-08-04,2021-08-04T04:00:00.000Z
271,"August 05, 2021",3,2021-08-05,2021-08-05T04:00:00.000Z
272,"August 06, 2021",2,2021-08-06,2021-08-06T04:00:00.000Z
273,"August 07, 2021",5,2021-08-07,2021-08-07T04:00:00.000Z
274,"August 08, 2021",1,2021-08-08,2021-08-08T04:00:00.000Z
275,"August 10, 2021",1,2021-08-10,2021-08-10T04:00:00.000Z
276,"August 11, 2021",1,2021-08-11,2021-08-11T04:00:00.000Z
277,"August 12, 2021",7,2021-08-12,2021-08-12T04:00:00.000Z
278,"August 14, 2021",1,2021-08-14,2021-08-14T04:00:00.000Z
279,"August 15, 2021",2,2021-08-15,2021-08-15T04:00:00.000Z
280,"August 16, 2021",1,2021-08-16,2021-08-16T04:00:00.000Z
281,"August 18, 2021",3,2021-08-18,2021-08-18T04:00:00.000Z
282,"August 19, 2021",2,2021-08-19,2021-08-19T04:00:00.000Z
283,"August 20, 2021",2,2021-08-20,2021-08-20T04:00:00.000Z
284,"August 21, 2021",2,2021-08-21,2021-08-21T04:00:00.000Z
285,"August 23, 2021",1,2021-08-23,2021-08-23T04:00:00.000Z
286,"August 25, 2021",4,2021-08-25,2021-08-25T04:00:00.000Z
287,"August 26, 2021",1,2021-08-26,2021-08-26T04:00:00.000Z
288,"August 28, 2021",9,2021-08-28,2021-08-28T04:00:00.000Z
289,"August 31, 2021",3,2021-08-31,2021-08-31T04:00:00.000Z
290,"September 02, 2021",3,2021-09-02,2021-09-02T04:00:00.000Z
291,"September 03, 2021",2,2021-09-03,2021-09-03T04:00:00.000Z
292,"September 04, 2021",1,2021-09-04,2021-09-04T04:00:00.000Z
293,"September 05, 2021",2,2021-09-05,2021-09-05T04:00:00.000Z
294,"September 08, 2021",2,2021-09-08,2021-09-08T04:00:00.000Z
295,"September 09, 2021",5,2021-09-09,2021-09-09T04:00:00.000Z
296,"September 10, 2021",3,2021-09-10,2021-09-10T04:00:00.000Z
297,"September 11, 2021",5,2021-09-11,2021-09-11T04:00:00.000Z
298,"September 12, 2021",6,2021-09-12,2021-09-12T04:00:00.000Z
299,"September 13, 2021",4,2021-09-13,2021-09-13T04:00:00.000Z
300,"September 14, 2021",7,2021-09-14,2021-09-14T04:00:00.000Z
301,"September 15, 2021",5,2021-09-15,2021-09-15T04:00:00.000Z
302,"September 16, 2021",3,2021-09-16,2021-09-16T04:00:00.000Z
303,"September 17, 2021",1,2021-09-17,2021-09-17T04:00:00.000Z
304,"September 18, 2021",7,2021-09-18,2021-09-18T04:00:00.000Z
305,"September 19, 2021",2,2021-09-19,2021-09-19T04:00:00.000Z
306,"September 20, 2021",2,2021-09-20,2021-09-20T04:00:00.000Z
307,"September 21, 2021",4,2021-09-21,2021-09-21T04:00:00.000Z
308,"September 22, 2021",1,2021-09-22,2021-09-22T04:00:00.000Z
309,"September 23, 2021",7,2021-09-23,2021-09-23T04:00:00.000Z
310,"September 24, 2021",1,2021-09-24,2021-09-24T04:00:00.000Z
311,"September 25, 2021",3,2021-09-25,2021-09-25T04:00:00.000Z
312,"September 26, 2021",2,2021-09-26,2021-09-26T04:00:00.000Z
313,"September 27, 2021",3,2021-09-27,2021-09-27T04:00:00.000Z
314,"September 28, 2021",4,2021-09-28,2021-09-28T04:00:00.000Z
315,"September 29, 2021",4,2021-09-29,2021-09-29T04:00:00.000Z
316,"September 30, 2021",3,2021-09-30,2021-09-30T04:00:00.000Z
317,"October 01, 2021",3,2021-10-01,2021-10-01T04:00:00.000Z
318,"October 04, 2021",1,2021-10-04,2021-10-04T04:00:00.000Z
319,"October 05, 2021",4,2021-10-05,2021-10-05T04:00:00.000Z
320,"October 06, 2021",3,2021-10-06,2021-10-06T04:00:00.000Z
321,"October 07, 2021",5,2021-10-07,2021-10-07T04:00:00.000Z
322,"October 08, 2021",1,2021-10-08,2021-10-08T04:00:00.000Z
323,"October 09, 2021",3,2021-10-09,2021-10-09T04:00:00.000Z
324,"October 12, 2021",6,2021-10-12,2021-10-12T04:00:00.000Z
325,"October 13, 2021",6,2021-10-13,2021-10-13T04:00:00.000Z
326,"October 14, 2021",3,2021-10-14,2021-10-14T04:00:00.000Z
327,"October 15, 2021",1,2021-10-15,2021-10-15T04:00:00.000Z
328,"October 16, 2021",1,2021-10-16,2021-10-16T04:00:00.000Z
329,"October 17, 2021",1,2021-10-17,2021-10-17T04:00:00.000Z
330,"October 18, 2021",2,2021-10-18,2021-10-18T04:00:00.000Z
331,"October 19, 2021",6,2021-10-19,2021-10-19T04:00:00.000Z
332,"October 20, 2021",6,2021-10-20,2021-10-20T04:00:00.000Z
333,"October 21, 2021",4,2021-10-21,2021-10-21T04:00:00.000Z
334,"October 22, 2021",3,2021-10-22,2021-10-22T04:00:00.000Z
335,"October 23, 2021",2,2021-10-23,2021-10-23T04:00:00.000Z
336,"October 25, 2021",2,2021-10-25,2021-10-25T04:00:00.000Z
337,"October 26, 2021",3,2021-10-26,2021-10-26T04:00:00.000Z
338,"October 27, 2021",1,2021-10-27,2021-10-27T04:00:00.000Z
339,"October 28, 2021",2,2021-10-28,2021-10-28T04:00:00.000Z
340,"October 29, 2021",2,2021-10-29,2021-10-29T04:00:00.000Z
341,"October 30, 2021",1,2021-10-30,2021-10-30T04:00:00.000Z
342,"October 31, 2021",3,2021-10-31,2021-10-31T04:00:00.000Z
343,"November 01, 2021",2,2021-11-01,2021-11-01T04:00:00.000Z
344,"November 03, 2021",2,2021-11-03,2021-11-03T04:00:00.000Z
345,"November 04, 2021",2,2021-11-04,2021-11-04T04:00:00.000Z
346,"November 05, 2021",1,2021-11-05,2021-11-05T04:00:00.000Z
347,"November 06, 2021",3,2021-11-06,2021-11-06T04:00:00.000Z
348,"November 07, 2021",1,2021-11-07,2021-11-07T04:00:00.000Z
349,"November 08, 2021",2,2021-11-08,2021-11-08T05:00:00.000Z
350,"November 09, 2021",7,2021-11-09,2021-11-09T05:00:00.000Z
351,"November 10, 2021",6,2021-11-10,2021-11-10T05:00:00.000Z
352,"November 11, 2021",1,2021-11-11,2021-11-11T05:00:00.000Z
353,"November 13, 2021",1,2021-11-13,2021-11-13T05:00:00.000Z
354,"November 14, 2021",1,2021-11-14,2021-11-14T05:00:00.000Z
355,"November 15, 2021",2,2021-11-15,2021-11-15T05:00:00.000Z
356,"November 16, 2021",8,2021-11-16,2021-11-16T05:00:00.000Z
357,"November 17, 2021",7,2021-11-17,2021-11-17T05:00:00.000Z
358,"November 18, 2021",6,2021-11-18,2021-11-18T05:00:00.000Z
359,"November 19, 2021",3,2021-11-19,2021-11-19T05:00:00.000Z
360,"November 20, 2021",4,2021-11-20,2021-11-20T05:00:00.000Z
361,"November 21, 2021",4,2021-11-21,2021-11-21T05:00:00.000Z
362,"November 22, 2021",5,2021-11-22,2021-11-22T05:00:00.000Z
363,"November 23, 2021",3,2021-11-23,2021-11-23T05:00:00.000Z
364,"November 28, 2021",1,2021-11-28,2021-11-28T05:00:00.000Z
365,"November 29, 2021",1,2021-11-29,2021-11-29T05:00:00.000Z
366,"November 30, 2021",2,2021-11-30,2021-11-30T05:00:00.000Z
367,"December 01, 2021",5,2021-12-01,2021-12-01T05:00:00.000Z
368,"December 02, 2021",3,2021-12-02,2021-12-02T05:00:00.000Z
369,"December 03, 2021",2,2021-12-03,2021-12-03T05:00:00.000Z
370,"December 04, 2021",3,2021-12-04,2021-12-04T05:00:00.000Z
371,"December 05, 2021",4,2021-12-05,2021-12-05T05:00:00.000Z
372,"December 06, 2021",3,2021-12-06,2021-12-06T05:00:00.000Z
373,"December 08, 2021",6,2021-12-08,2021-12-08T05:00:00.000Z
374,"December 09, 2021",3,2021-12-09,2021-12-09T05:00:00.000Z
375,"December 10, 2021",1,2021-12-10,2021-12-10T05:00:00.000Z
376,"December 11, 2021",2,2021-12-11,2021-12-11T05:00:00.000Z
377,"December 12, 2021",1,2021-12-12,2021-12-12T05:00:00.000Z
378,"December 13, 2021",5,2021-12-13,2021-12-13T05:00:00.000Z
379,"December 14, 2021",10,2021-12-14,2021-12-14T05:00:00.000Z
380,"December 15, 2021",7,2021-12-15,2021-12-15T05:00:00.000Z
381,"December 16, 2021",8,2021-12-16,2021-12-16T05:00:00.000Z
382,"December 18, 2021",1,2021-12-18,2021-12-18T05:00:00.000Z
383,"December 19, 2021",1,2021-12-19,2021-12-19T05:00:00.000Z
384,"December 20, 2021",2,2021-12-20,2021-12-20T05:00:00.000Z
385,"December 21, 2021",2,2021-12-21,2021-12-21T05:00:00.000Z
386,"December 22, 2021",2,2021-12-22,2021-12-22T05:00:00.000Z
387,"December 28, 2021",1,2021-12-28,2021-12-28T05:00:00.000Z
388,"December 29, 2021",1,2021-12-29,2021-12-29T05:00:00.000Z
389,"January 03, 2022",1,2022-01-03,2022-01-03T05:00:00.000Z
390,"January 05, 2022",2,2022-01-05,2022-01-05T05:00:00.000Z
391,"January 06, 2022",3,2022-01-06,2022-01-06T05:00:00.000Z
392,"January 10, 2022",1,2022-01-10,2022-01-10T05:00:00.000Z
393,"January 11, 2022",4,2022-01-11,2022-01-11T05:00:00.000Z
394,"January 12, 2022",3,2022-01-12,2022-01-12T05:00:00.000Z
395,"January 13, 2022",2,2022-01-13,2022-01-13T05:00:00.000Z
396,"January 14, 2022",1,2022-01-14,2022-01-14T05:00:00.000Z
397,"January 16, 2022",1,2022-01-16,2022-01-16T05:00:00.000Z
398,"January 17, 2022",2,2022-01-17,2022-01-17T05:00:00.000Z
399,"January 18, 2022",4,2022-01-18,2022-01-18T05:00:00.000Z
400,"January 19, 2022",7,2022-01-19,2022-01-19T05:00:00.000Z
401,"January 20, 2022",1,2022-01-20,2022-01-20T05:00:00.000Z
402,"January 22, 2022",2,2022-01-22,2022-01-22T05:00:00.000Z
403,"January 24, 2022",3,2022-01-24,2022-01-24T05:00:00.000Z
404,"January 25, 2022",5,2022-01-25,2022-01-25T05:00:00.000Z
405,"January 26, 2022",3,2022-01-26,2022-01-26T05:00:00.000Z
406,"January 27, 2022",1,2022-01-27,2022-01-27T05:00:00.000Z
407,"January 30, 2022",1,2022-01-30,2022-01-30T05:00:00.000Z
408,"January 31, 2022",1,2022-01-31,2022-01-31T05:00:00.000Z
409,"February 01, 2022",1,2022-02-01,2022-02-01T05:00:00.000Z
410,"February 02, 2022",2,2022-02-02,2022-02-02T05:00:00.000Z
411,"February 03, 2022",5,2022-02-03,2022-02-03T05:00:00.000Z
412,"February 04, 2022",1,2022-02-04,2022-02-04T05:00:00.000Z
413,"February 05, 2022",1,2022-02-05,2022-02-05T05:00:00.000Z
414,"February 06, 2022",2,2022-02-06,2022-02-06T05:00:00.000Z
415,"February 07, 2022",2,2022-02-07,2022-02-07T05:00:00.000Z
416,"February 08, 2022",5,2022-02-08,2022-02-08T05:00:00.000Z
417,"February 09, 2022",6,2022-02-09,2022-02-09T05:00:00.000Z
418,"February 10, 2022",2,2022-02-10,2022-02-10T05:00:00.000Z
419,"February 12, 2022",1,2022-02-12,2022-02-12T05:00:00.000Z
420,"February 14, 2022",2,2022-02-14,2022-02-14T05:00:00.000Z
421,"February 15, 2022",5,2022-02-15,2022-02-15T05:00:00.000Z
422,"February 16, 2022",3,2022-02-16,2022-02-16T05:00:00.000Z
423,"February 17, 2022",1,2022-02-17,2022-02-17T05:00:00.000Z
424,"February 18, 2022",1,2022-02-18,2022-02-18T05:00:00.000Z
425,"February 21, 2022",2,2022-02-21,2022-02-21T05:00:00.000Z
426,"February 22, 2022",1,2022-02-22,2022-02-22T05:00:00.000Z
427,"February 23, 2022",2,2022-02-23,2022-02-23T05:00:00.000Z
428,"February 24, 2022",4,2022-02-24,2022-02-24T05:00:00.000Z
429,"February 27, 2022",7,2022-02-27,2022-02-27T05:00:00.000Z
430,"February 28, 2022",1,2022-02-28,2022-02-28T05:00:00.000Z
431,"March 01, 2022",4,2022-03-01,2022-03-01T05:00:00.000Z
432,"March 02, 2022",1,2022-03-02,2022-03-02T05:00:00.000Z
433,"March 03, 2022",5,2022-03-03,2022-03-03T05:00:00.000Z
434,"March 04, 2022",1,2022-03-04,2022-03-04T05:00:00.000Z
435,"March 05, 2022",1,2022-03-05,2022-03-05T05:00:00.000Z
436,"March 06, 2022",2,2022-03-06,2022-03-06T05:00:00.000Z
437,"March 07, 2022",3,2022-03-07,2022-03-07T05:00:00.000Z
438,"March 08, 2022",5,2022-03-08,2022-03-08T05:00:00.000Z
439,"March 09, 2022",4,2022-03-09,2022-03-09T05:00:00.000Z
440,"March 10, 2022",4,2022-03-10,2022-03-10T05:00:00.000Z
441,"March 12, 2022",1,2022-03-12,2022-03-12T05:00:00.000Z
442,"March 13, 2022",2,2022-03-13,2022-03-13T05:00:00.000Z
443,"March 14, 2022",3,2022-03-14,2022-03-14T04:00:00.000Z
444,"March 15, 2022",5,2022-03-15,2022-03-15T04:00:00.000Z
445,"March 16, 2022",5,2022-03-16,2022-03-16T04:00:00.000Z
446,"March 17, 2022",1,2022-03-17,2022-03-17T04:00:00.000Z
447,"March 19, 2022",2,2022-03-19,2022-03-19T04:00:00.000Z
448,"March 20, 2022",1,2022-03-20,2022-03-20T04:00:00.000Z
449,"March 21, 2022",2,2022-03-21,2022-03-21T04:00:00.000Z
450,"March 22, 2022",2,2022-03-22,2022-03-22T04:00:00.000Z
451,"March 23, 2022",4,2022-03-23,2022-03-23T04:00:00.000Z
452,"March 24, 2022",2,2022-03-24,2022-03-24T04:00:00.000Z
453,"March 26, 2022",1,2022-03-26,2022-03-26T04:00:00.000Z
454,"March 27, 2022",2,2022-03-27,2022-03-27T04:00:00.000Z
455,"March 28, 2022",1,2022-03-28,2022-03-28T04:00:00.000Z
456,"March 29, 2022",4,2022-03-29,2022-03-29T04:00:00.000Z
457,"March 30, 2022",5,2022-03-30,2022-03-30T04:00:00.000Z
458,"March 31, 2022",3,2022-03-31,2022-03-31T04:00:00.000Z
459,"April 01, 2022",1,2022-04-01,2022-04-01T04:00:00.000Z
460,"April 04, 2022",1,2022-04-04,2022-04-04T04:00:00.000Z
461,"April 05, 2022",2,2022-04-05,2022-04-05T04:00:00.000Z
462,"April 06, 2022",2,2022-04-06,2022-04-06T04:00:00.000Z
463,"April 07, 2022",4,2022-04-07,2022-04-07T04:00:00.000Z
464,"April 08, 2022",3,2022-04-08,2022-04-08T04:00:00.000Z
465,"April 09, 2022",1,2022-04-09,2022-04-09T04:00:00.000Z
466,"April 11, 2022",1,2022-04-11,2022-04-11T04:00:00.000Z
467,"April 12, 2022",3,2022-04-12,2022-04-12T04:00:00.000Z
468,"April 13, 2022",4,2022-04-13,2022-04-13T04:00:00.000Z
469,"April 14, 2022",3,2022-04-14,2022-04-14T04:00:00.000Z
470,"April 15, 2022",1,2022-04-15,2022-04-15T04:00:00.000Z
471,"April 16, 2022",1,2022-04-16,2022-04-16T04:00:00.000Z
472,"April 18, 2022",2,2022-04-18,2022-04-18T04:00:00.000Z
473,"April 19, 2022",4,2022-04-19,2022-04-19T04:00:00.000Z
474,"April 20, 2022",3,2022-04-20,2022-04-20T04:00:00.000Z
475,"April 21, 2022",6,2022-04-21,2022-04-21T04:00:00.000Z
476,"April 22, 2022",2,2022-04-22,2022-04-22T04:00:00.000Z
477,"April 23, 2022",3,2022-04-23,2022-04-23T04:00:00.000Z
478,"April 24, 2022",2,2022-04-24,2022-04-24T04:00:00.000Z
479,"April 25, 2022",1,2022-04-25,2022-04-25T04:00:00.000Z
480,"April 26, 2022",7,2022-04-26,2022-04-26T04:00:00.000Z
481,"April 27, 2022",5,2022-04-27,2022-04-27T04:00:00.000Z
482,"April 28, 2022",1,2022-04-28,2022-04-28T04:00:00.000Z
483,"April 29, 2022",1,2022-04-29,2022-04-29T04:00:00.000Z
484,"April 30, 2022",1,2022-04-30,2022-04-30T04:00:00.000Z
485,"May 02, 2022",4,2022-05-02,2022-05-02T04:00:00.000Z
486,"May 03, 2022",3,2022-05-03,2022-05-03T04:00:00.000Z
487,"May 04, 2022",3,2022-05-04,2022-05-04T04:00:00.000Z
488,"May 05, 2022",3,2022-05-05,2022-05-05T04:00:00.000Z
489,"May 06, 2022",1,2022-05-06,2022-05-06T04:00:00.000Z
490,"May 07, 2022",1,2022-05-07,2022-05-07T04:00:00.000Z
491,"May 09, 2022",1,2022-05-09,2022-05-09T04:00:00.000Z
492,"May 10, 2022",4,2022-05-10,2022-05-10T04:00:00.000Z
493,"May 11, 2022",6,2022-05-11,2022-05-11T04:00:00.000Z
494,"May 12, 2022",5,2022-05-12,2022-05-12T04:00:00.000Z
495,"May 14, 2022",3,2022-05-14,2022-05-14T04:00:00.000Z
496,"May 15, 2022",3,2022-05-15,2022-05-15T04:00:00.000Z
497,"May 16, 2022",2,2022-05-16,2022-05-16T04:00:00.000Z
498,"May 17, 2022",4,2022-05-17,2022-05-17T04:00:00.000Z
499,"May 18, 2022",8,2022-05-18,2022-05-18T04:00:00.000Z
500,"May 19, 2022",1,2022-05-19,2022-05-19T04:00:00.000Z
501,"May 21, 2022",4,2022-05-21,2022-05-21T04:00:00.000Z
502,"May 22, 2022",3,2022-05-22,2022-05-22T04:00:00.000Z
503,"May 23, 2022",2,2022-05-23,2022-05-23T04:00:00.000Z
504,"May 24, 2022",3,2022-05-24,2022-05-24T04:00:00.000Z
505,"May 25, 2022",3,2022-05-25,2022-05-25T04:00:00.000Z
506,"May 26, 2022",4,2022-05-26,2022-05-26T04:00:00.000Z
507,"May 27, 2022",1,2022-05-27,2022-05-27T04:00:00.000Z
508,"May 29, 2022",1,2022-05-29,2022-05-29T04:00:00.000Z
509,"May 30, 2022",4,2022-05-30,2022-05-30T04:00:00.000Z
510,"May 31, 2022",2,2022-05-31,2022-05-31T04:00:00.000Z
511,"June 01, 2022",2,2022-06-01,2022-06-01T04:00:00.000Z
512,"June 02, 2022",3,2022-06-02,2022-06-02T04:00:00.000Z
513,"June 04, 2022",2,2022-06-04,2022-06-04T04:00:00.000Z
514,"June 05, 2022",2,2022-06-05,2022-06-05T04:00:00.000Z
515,"June 06, 2022",1,2022-06-06,2022-06-06T04:00:00.000Z
516,"June 07, 2022",2,2022-06-07,2022-06-07T04:00:00.000Z
517,"June 08, 2022",5,2022-06-08,2022-06-08T04:00:00.000Z
518,"June 09, 2022",3,2022-06-09,2022-06-09T04:00:00.000Z
519,"June 11, 2022",4,2022-06-11,2022-06-11T04:00:00.000Z
520,"June 13, 2022",2,2022-06-13,2022-06-13T04:00:00.000Z
521,"June 14, 2022",5,2022-06-14,2022-06-14T04:00:00.000Z
522,"June 15, 2022",6,2022-06-15,2022-06-15T04:00:00.000Z
523,"June 16, 2022",2,2022-06-16,2022-06-16T04:00:00.000Z
524,"June 17, 2022",2,2022-06-17,2022-06-17T04:00:00.000Z
525,"June 18, 2022",3,2022-06-18,2022-06-18T04:00:00.000Z
526,"June 19, 2022",1,2022-06-19,2022-06-19T04:00:00.000Z
527,"June 21, 2022",6,2022-06-21,2022-06-21T04:00:00.000Z
528,"June 22, 2022",1,2022-06-22,2022-06-22T04:00:00.000Z
529,"June 24, 2022",1,2022-06-24,2022-06-24T04:00:00.000Z
530,"June 25, 2022",4,2022-06-25,2022-06-25T04:00:00.000Z
531,"June 27, 2022",1,2022-06-27,2022-06-27T04:00:00.000Z
532,"June 28, 2022",6,2022-06-28,2022-06-28T04:00:00.000Z
533,"June 29, 2022",3,2022-06-29,2022-06-29T04:00:00.000Z
534,"June 30, 2022",4,2022-06-30,2022-06-30T04:00:00.000Z
535,"July 01, 2022",1,2022-07-01,2022-07-01T04:00:00.000Z
536,"July 06, 2022",1,2022-07-06,2022-07-06T04:00:00.000Z
537,"July 07, 2022",2,2022-07-07,2022-07-07T04:00:00.000Z
538,"July 09, 2022",2,2022-07-09,2022-07-09T04:00:00.000Z
539,"July 11, 2022",2,2022-07-11,2022-07-11T04:00:00.000Z
540,"July 13, 2022",3,2022-07-13,2022-07-13T04:00:00.000Z
541,"July 14, 2022",2,2022-07-14,2022-07-14T04:00:00.000Z
542,"July 16, 2022",3,2022-07-16,2022-07-16T04:00:00.000Z
543,"July 17, 2022",1,2022-07-17,2022-07-17T04:00:00.000Z
544,"July 18, 2022",1,2022-07-18,2022-07-18T04:00:00.000Z
545,"July 20, 2022",2,2022-07-20,2022-07-20T04:00:00.000Z
546,"July 22, 2022",1,2022-07-22,2022-07-22T04:00:00.000Z
547,"July 23, 2022",2,2022-07-23,2022-07-23T04:00:00.000Z
548,"July 26, 2022",1,2022-07-26,2022-07-26T04:00:00.000Z
549,"July 27, 2022",1,2022-07-27,2022-07-27T04:00:00.000Z
550,"July 28, 2022",1,2022-07-28,2022-07-28T04:00:00.000Z
551,"July 30, 2022",2,2022-07-30,2022-07-30T04:00:00.000Z
552,"August 02, 2022",17,2022-08-02,2022-08-02T04:00:00.000Z
553,"August 04, 2022",1,2022-08-04,2022-08-04T04:00:00.000Z
554,"August 08, 2022",1,2022-08-08,2022-08-08T04:00:00.000Z
555,"August 10, 2022",2,2022-08-10,2022-08-10T04:00:00.000Z
556,"August 11, 2022",2,2022-08-11,2022-08-11T04:00:00.000Z
557,"August 12, 2022",1,2022-08-12,2022-08-12T04:00:00.000Z
558,"August 13, 2022",2,2022-08-13,2022-08-13T04:00:00.000Z
559,"August 14, 2022",3,2022-08-14,2022-08-14T04:00:00.000Z
560,"August 15, 2022",1,2022-08-15,2022-08-15T04:00:00.000Z
561,"August 16, 2022",1,2022-08-16,2022-08-16T04:00:00.000Z
562,"August 18, 2022",1,2022-08-18,2022-08-18T04:00:00.000Z
563,"August 20, 2022",3,2022-08-20,2022-08-20T04:00:00.000Z
564,"August 24, 2022",3,2022-08-24,2022-08-24T04:00:00.000Z
565,"August 25, 2022",1,2022-08-25,2022-08-25T04:00:00.000Z
566,"August 26, 2022",3,2022-08-26,2022-08-26T04:00:00.000Z
567,"August 27, 2022",5,2022-08-27,2022-08-27T04:00:00.000Z
568,"August 30, 2022",1,2022-08-30,2022-08-30T04:00:00.000Z
569,"September 01, 2022",2,2022-09-01,2022-09-01T04:00:00.000Z
570,"September 02, 2022",1,2022-09-02,2022-09-02T04:00:00.000Z
571,"September 04, 2022",1,2022-09-04,2022-09-04T04:00:00.000Z
572,"September 06, 2022",1,2022-09-06,2022-09-06T04:00:00.000Z
573,"September 07, 2022",1,2022-09-07,2022-09-07T04:00:00.000Z
574,"September 08, 2022",2,2022-09-08,2022-09-08T04:00:00.000Z
575,"September 10, 2022",3,2022-09-10,2022-09-10T04:00:00.000Z
576,"September 11, 2022",3,2022-09-11,2022-09-11T04:00:00.000Z
577,"September 12, 2022",3,2022-09-12,2022-09-12T04:00:00.000Z
578,"September 13, 2022",6,2022-09-13,2022-09-13T04:00:00.000Z
579,"September 14, 2022",4,2022-09-14,2022-09-14T04:00:00.000Z
580,"September 15, 2022",2,2022-09-15,2022-09-15T04:00:00.000Z
581,"September 17, 2022",2,2022-09-17,2022-09-17T04:00:00.000Z
582,"September 18, 2022",3,2022-09-18,2022-09-18T04:00:00.000Z
583,"September 19, 2022",1,2022-09-19,2022-09-19T04:00:00.000Z
584,"September 20, 2022",5,2022-09-20,2022-09-20T04:00:00.000Z
585,"September 21, 2022",5,2022-09-21,2022-09-21T04:00:00.000Z
586,"September 22, 2022",2,2022-09-22,2022-09-22T04:00:00.000Z
587,"September 23, 2022",4,2022-09-23,2022-09-23T04:00:00.000Z
588,"September 24, 2022",2,2022-09-24,2022-09-24T04:00:00.000Z
589,"September 27, 2022",4,2022-09-27,2022-09-27T04:00:00.000Z
590,"September 28, 2022",4,2022-09-28,2022-09-28T04:00:00.000Z
591,"September 29, 2022",2,2022-09-29,2022-09-29T04:00:00.000Z
592,"October 02, 2022",2,2022-10-02,2022-10-02T04:00:00.000Z
593,"October 03, 2022",6,2022-10-03,2022-10-03T04:00:00.000Z
594,"October 04, 2022",1,2022-10-04,2022-10-04T04:00:00.000Z
595,"October 06, 2022",3,2022-10-06,2022-10-06T04:00:00.000Z
596,"October 07, 2022",1,2022-10-07,2022-10-07T04:00:00.000Z
597,"October 08, 2022",3,2022-10-08,2022-10-08T04:00:00.000Z
598,"October 11, 2022",5,2022-10-11,2022-10-11T04:00:00.000Z
599,"October 12, 2022",6,2022-10-12,2022-10-12T04:00:00.000Z
600,"October 13, 2022",2,2022-10-13,2022-10-13T04:00:00.000Z
601,"October 14, 2022",1,2022-10-14,2022-10-14T04:00:00.000Z
602,"October 16, 2022",2,2022-10-16,2022-10-16T04:00:00.000Z
603,"October 17, 2022",2,2022-10-17,2022-10-17T04:00:00.000Z
604,"October 18, 2022",5,2022-10-18,2022-10-18T04:00:00.000Z
605,"October 19, 2022",6,2022-10-19,2022-10-19T04:00:00.000Z
606,"October 20, 2022",4,2022-10-20,2022-10-20T04:00:00.000Z
607,"October 21, 2022",1,2022-10-21,2022-10-21T04:00:00.000Z
608,"October 22, 2022",2,2022-10-22,2022-10-22T04:00:00.000Z
609,"October 24, 2022",5,2022-10-24,2022-10-24T04:00:00.000Z
610,"October 25, 2022",5,2022-10-25,2022-10-25T04:00:00.000Z
611,"October 26, 2022",7,2022-10-26,2022-10-26T04:00:00.000Z
612,"October 27, 2022",5,2022-10-27,2022-10-27T04:00:00.000Z
613,"October 28, 2022",2,2022-10-28,2022-10-28T04:00:00.000Z
614,"October 29, 2022",1,2022-10-29,2022-10-29T04:00:00.000Z
615,"October 30, 2022",3,2022-10-30,2022-10-30T04:00:00.000Z
616,"November 01, 2022",5,2022-11-01,2022-11-01T04:00:00.000Z
617,"November 02, 2022",1,2022-11-02,2022-11-02T04:00:00.000Z
618,"November 03, 2022",4,2022-11-03,2022-11-03T04:00:00.000Z
619,"November 04, 2022",1,2022-11-04,2022-11-04T04:00:00.000Z
620,"November 05, 2022",2,2022-11-05,2022-11-05T04:00:00.000Z
621,"November 07, 2022",3,2022-11-07,2022-11-07T05:00:00.000Z
622,"November 09, 2022",6,2022-11-09,2022-11-09T05:00:00.000Z
623,"November 10, 2022",4,2022-11-10,2022-11-10T05:00:00.000Z
624,"November 12, 2022",2,2022-11-12,2022-11-12T05:00:00.000Z
625,"November 14, 2022",1,2022-11-14,2022-11-14T05:00:00.000Z
626,"November 15, 2022",5,2022-11-15,2022-11-15T05:00:00.000Z
627,"November 16, 2022",6,2022-11-16,2022-11-16T05:00:00.000Z
628,"November 17, 2022",4,2022-11-17,2022-11-17T05:00:00.000Z
629,"November 18, 2022",1,2022-11-18,2022-11-18T05:00:00.000Z
630,"November 19, 2022",2,2022-11-19,2022-11-19T05:00:00.000Z
631,"November 21, 2022",2,2022-11-21,2022-11-21T05:00:00.000Z
632,"November 22, 2022",1,2022-11-22,2022-11-22T05:00:00.000Z
633,"November 29, 2022",3,2022-11-29,2022-11-29T05:00:00.000Z
634,"November 30, 2022",5,2022-11-30,2022-11-30T05:00:00.000Z
635,"December 01, 2022",2,2022-12-01,2022-12-01T05:00:00.000Z
636,"December 02, 2022",2,2022-12-02,2022-12-02T05:00:00.000Z
637,"December 03, 2022",3,2022-12-03,2022-12-03T05:00:00.000Z
638,"December 05, 2022",3,2022-12-05,2022-12-05T05:00:00.000Z
639,"December 06, 2022",3,2022-12-06,2022-12-06T05:00:00.000Z
640,"December 07, 2022",1,2022-12-07,2022-12-07T05:00:00.000Z
641,"December 08, 2022",3,2022-12-08,2022-12-08T05:00:00.000Z
642,"December 09, 2022",2,2022-12-09,2022-12-09T05:00:00.000Z
643,"December 10, 2022",3,2022-12-10,2022-12-10T05:00:00.000Z
644,"December 11, 2022",4,2022-12-11,2022-12-11T05:00:00.000Z
645,"December 12, 2022",1,2022-12-12,2022-12-12T05:00:00.000Z
646,"December 13, 2022",5,2022-12-13,2022-12-13T05:00:00.000Z
647,"December 14, 2022",6,2022-12-14,2022-12-14T05:00:00.000Z
648,"December 15, 2022",2,2022-12-15,2022-12-15T05:00:00.000Z
649,"December 17, 2022",6,2022-12-17,2022-12-17T05:00:00.000Z
650,"December 18, 2022",4,2022-12-18,2022-12-18T05:00:00.000Z
651,"December 19, 2022",2,2022-12-19,2022-12-19T05:00:00.000Z
652,"December 20, 2022",3,2022-12-20,2022-12-20T05:00:00.000Z
653,"December 21, 2022",2,2022-12-21,2022-12-21T05:00:00.000Z
654,"December 22, 2022",1,2022-12-22,2022-12-22T05:00:00.000Z
655,"December 27, 2022",1,2022-12-27,2022-12-27T05:00:00.000Z
656,"December 30, 2022",1,2022-12-30,2022-12-30T05:00:00.000Z
657,"January 03, 2023",3,2023-01-03,2023-01-03T05:00:00.000Z
658,"January 05, 2023",4,2023-01-05,2023-01-05T05:00:00.000Z
659,"January 09, 2023",2,2023-01-09,2023-01-09T05:00:00.000Z
660,"January 10, 2023",3,2023-01-10,2023-01-10T05:00:00.000Z
661,"January 11, 2023",5,2023-01-11,2023-01-11T05:00:00.000Z
662,"January 12, 2023",1,2023-01-12,2023-01-12T05:00:00.000Z
663,"January 14, 2023",3,2023-01-14,2023-01-14T05:00:00.000Z
664,"January 16, 2023",2,2023-01-16,2023-01-16T05:00:00.000Z
665,"January 17, 2023",2,2023-01-17,2023-01-17T05:00:00.000Z
666,"January 18, 2023",3,2023-01-18,2023-01-18T05:00:00.000Z
667,"January 19, 2023",3,2023-01-19,2023-01-19T05:00:00.000Z
668,"January 20, 2023",2,2023-01-20,2023-01-20T05:00:00.000Z
669,"January 21, 2023",3,2023-01-21,2023-01-21T05:00:00.000Z
670,"January 22, 2023",1,2023-01-22,2023-01-22T05:00:00.000Z
671,"January 23, 2023",1,2023-01-23,2023-01-23T05:00:00.000Z
672,"January 24, 2023",3,2023-01-24,2023-01-24T05:00:00.000Z
673,"January 25, 2023",4,2023-01-25,2023-01-25T05:00:00.000Z
674,"January 26, 2023",2,2023-01-26,2023-01-26T05:00:00.000Z
675,"January 31, 2023",6,2023-01-31,2023-01-31T05:00:00.000Z
676,"February 02, 2023",4,2023-02-02,2023-02-02T05:00:00.000Z
677,"February 05, 2023",3,2023-02-05,2023-02-05T05:00:00.000Z
678,"February 06, 2023",3,2023-02-06,2023-02-06T05:00:00.000Z
679,"February 07, 2023",4,2023-02-07,2023-02-07T05:00:00.000Z
680,"February 08, 2023",3,2023-02-08,2023-02-08T05:00:00.000Z
681,"February 10, 2023",2,2023-02-10,2023-02-10T05:00:00.000Z
682,"February 12, 2023",2,2023-02-12,2023-02-12T05:00:00.000Z
683,"February 13, 2023",1,2023-02-13,2023-02-13T05:00:00.000Z
684,"February 15, 2023",4,2023-02-15,2023-02-15T05:00:00.000Z
685,"February 16, 2023",4,2023-02-16,2023-02-16T05:00:00.000Z
686,"February 20, 2023",2,2023-02-20,2023-02-20T05:00:00.000Z
687,"February 21, 2023",4,2023-02-21,2023-02-21T05:00:00.000Z
688,"February 22, 2023",2,2023-02-22,2023-02-22T05:00:00.000Z
689,"February 26, 2023",1,2023-02-26,2023-02-26T05:00:00.000Z
690,"February 27, 2023",3,2023-02-27,2023-02-27T05:00:00.000Z
691,"February 28, 2023",7,2023-02-28,2023-02-28T05:00:00.000Z
692,"March 01, 2023",1,2023-03-01,2023-03-01T05:00:00.000Z
693,"March 02, 2023",4,2023-03-02,2023-03-02T05:00:00.000Z
694,"March 04, 2023",3,2023-03-04,2023-03-04T05:00:00.000Z
695,"March 05, 2023",2,2023-03-05,2023-03-05T05:00:00.000Z
696,"March 06, 2023",1,2023-03-06,2023-03-06T05:00:00.000Z
697,"March 07, 2023",1,2023-03-07,2023-03-07T05:00:00.000Z
698,"March 08, 2023",4,2023-03-08,2023-03-08T05:00:00.000Z
699,"March 09, 2023",4,2023-03-09,2023-03-09T05:00:00.000Z
700,"March 10, 2023",1,2023-03-10,2023-03-10T05:00:00.000Z
701,"March 13, 2023",2,2023-03-13,2023-03-13T04:00:00.000Z
702,"March 14, 2023",4,2023-03-14,2023-03-14T04:00:00.000Z
703,"March 15, 2023",6,2023-03-15,2023-03-15T04:00:00.000Z
704,"March 16, 2023",3,2023-03-16,2023-03-16T04:00:00.000Z
705,"March 17, 2023",1,2023-03-17,2023-03-17T04:00:00.000Z
706,"March 18, 2023",5,2023-03-18,2023-03-18T04:00:00.000Z
707,"March 19, 2023",1,2023-03-19,2023-03-19T04:00:00.000Z
708,"March 20, 2023",2,2023-03-20,2023-03-20T04:00:00.000Z
709,"March 21, 2023",5,2023-03-21,2023-03-21T04:00:00.000Z
710,"March 22, 2023",2,2023-03-22,2023-03-22T04:00:00.000Z
711,"March 23, 2023",4,2023-03-23,2023-03-23T04:00:00.000Z
712,"March 24, 2023",1,2023-03-24,2023-03-24T04:00:00.000Z
713,"March 25, 2023",2,2023-03-25,2023-03-25T04:00:00.000Z
714,"March 26, 2023",2,2023-03-26,2023-03-26T04:00:00.000Z
715,"March 27, 2023",1,2023-03-27,2023-03-27T04:00:00.000Z
716,"March 28, 2023",7,2023-03-28,2023-03-28T04:00:00.000Z
717,"March 29, 2023",3,2023-03-29,2023-03-29T04:00:00.000Z
718,"March 31, 2023",2,2023-03-31,2023-03-31T04:00:00.000Z
719,"April 02, 2023",2,2023-04-02,2023-04-02T04:00:00.000Z
720,"April 03, 2023",1,2023-04-03,2023-04-03T04:00:00.000Z
721,"April 04, 2023",2,2023-04-04,2023-04-04T04:00:00.000Z
722,"April 06, 2023",2,2023-04-06,2023-04-06T04:00:00.000Z
723,"April 07, 2023",1,2023-04-07,2023-04-07T04:00:00.000Z
724,"April 08, 2023",1,2023-04-08,2023-04-08T04:00:00.000Z
725,"April 11, 2023",3,2023-04-11,2023-04-11T04:00:00.000Z
726,"April 12, 2023",4,2023-04-12,2023-04-12T04:00:00.000Z
727,"April 13, 2023",4,2023-04-13,2023-04-13T04:00:00.000Z
728,"April 14, 2023",2,2023-04-14,2023-04-14T04:00:00.000Z
729,"April 15, 2023",1,2023-04-15,2023-04-15T04:00:00.000Z
730,"April 16, 2023",1,2023-04-16,2023-04-16T04:00:00.000Z
731,"April 17, 2023",2,2023-04-17,2023-04-17T04:00:00.000Z
732,"April 18, 2023",9,2023-04-18,2023-04-18T04:00:00.000Z
733,"April 19, 2023",6,2023-04-19,2023-04-19T04:00:00.000Z
734,"April 20, 2023",2,2023-04-20,2023-04-20T04:00:00.000Z
735,"April 21, 2023",3,2023-04-21,2023-04-21T04:00:00.000Z
736,"April 22, 2023",2,2023-04-22,2023-04-22T04:00:00.000Z
737,"April 23, 2023",3,2023-04-23,2023-04-23T04:00:00.000Z
738,"April 24, 2023",2,2023-04-24,2023-04-24T04:00:00.000Z
739,"April 25, 2023",5,2023-04-25,2023-04-25T04:00:00.000Z
740,"April 26, 2023",2,2023-04-26,2023-04-26T04:00:00.000Z
741,"April 27, 2023",3,2023-04-27,2023-04-27T04:00:00.000Z
742,"April 28, 2023",2,2023-04-28,2023-04-28T04:00:00.000Z
743,"April 30, 2023",3,2023-04-30,2023-04-30T04:00:00.000Z
744,"May 01, 2023",1,2023-05-01,2023-05-01T04:00:00.000Z
745,"May 02, 2023",1,2023-05-02,2023-05-02T04:00:00.000Z
746,"May 04, 2023",5,2023-05-04,2023-05-04T04:00:00.000Z
747,"May 06, 2023",2,2023-05-06,2023-05-06T04:00:00.000Z
748,"May 09, 2023",4,2023-05-09,2023-05-09T04:00:00.000Z
749,"May 10, 2023",6,2023-05-10,2023-05-10T04:00:00.000Z
750,"May 11, 2023",5,2023-05-11,2023-05-11T04:00:00.000Z
751,"May 12, 2023",2,2023-05-12,2023-05-12T04:00:00.000Z
752,"May 13, 2023",2,2023-05-13,2023-05-13T04:00:00.000Z
753,"May 15, 2023",2,2023-05-15,2023-05-15T04:00:00.000Z
754,"May 16, 2023",4,2023-05-16,2023-05-16T04:00:00.000Z
755,"May 17, 2023",5,2023-05-17,2023-05-17T04:00:00.000Z
756,"May 18, 2023",3,2023-05-18,2023-05-18T04:00:00.000Z
757,"May 19, 2023",2,2023-05-19,2023-05-19T04:00:00.000Z
758,"May 20, 2023",1,2023-05-20,2023-05-20T04:00:00.000Z
759,"May 21, 2023",3,2023-05-21,2023-05-21T04:00:00.000Z
760,"May 22, 2023",2,2023-05-22,2023-05-22T04:00:00.000Z
761,"May 23, 2023",2,2023-05-23,2023-05-23T04:00:00.000Z
762,"May 24, 2023",3,2023-05-24,2023-05-24T04:00:00.000Z
763,"May 25, 2023",3,2023-05-25,2023-05-25T04:00:00.000Z
764,"May 26, 2023",2,2023-05-26,2023-05-26T04:00:00.000Z
765,"May 28, 2023",1,2023-05-28,2023-05-28T04:00:00.000Z
766,"May 29, 2023",4,2023-05-29,2023-05-29T04:00:00.000Z
767,"May 30, 2023",4,2023-05-30,2023-05-30T04:00:00.000Z
768,"May 31, 2023",1,2023-05-31,2023-05-31T04:00:00.000Z
769,"June 01, 2023",4,2023-06-01,2023-06-01T04:00:00.000Z
770,"June 03, 2023",2,2023-06-03,2023-06-03T04:00:00.000Z
771,"June 04, 2023",4,2023-06-04,2023-06-04T04:00:00.000Z
772,"June 05, 2023",1,2023-06-05,2023-06-05T04:00:00.000Z
773,"June 06, 2023",1,2023-06-06,2023-06-06T04:00:00.000Z
774,"June 07, 2023",1,2023-06-07,2023-06-07T04:00:00.000Z
775,"June 08, 2023",3,2023-06-08,2023-06-08T04:00:00.000Z
776,"June 09, 2023",2,2023-06-09,2023-06-09T04:00:00.000Z
777,"June 10, 2023",2,2023-06-10,2023-06-10T04:00:00.000Z
778,"June 11, 2023",3,2023-06-11,2023-06-11T04:00:00.000Z
779,"June 12, 2023",1,2023-06-12,2023-06-12T04:00:00.000Z
780,"June 13, 2023",7,2023-06-13,2023-06-13T04:00:00.000Z
781,"June 14, 2023",8,2023-06-14,2023-06-14T04:00:00.000Z
782,"June 15, 2023",4,2023-06-15,2023-06-15T04:00:00.000Z
783,"June 16, 2023",2,2023-06-16,2023-06-16T04:00:00.000Z
784,"June 17, 2023",2,2023-06-17,2023-06-17T04:00:00.000Z
785,"June 19, 2023",1,2023-06-19,2023-06-19T04:00:00.000Z
786,"June 20, 2023",6,2023-06-20,2023-06-20T04:00:00.000Z
787,"June 21, 2023",6,2023-06-21,2023-06-21T04:00:00.000Z
788,"June 22, 2023",1,2023-06-22,2023-06-22T04:00:00.000Z
789,"June 23, 2023",2,2023-06-23,2023-06-23T04:00:00.000Z
790,"June 24, 2023",4,2023-06-24,2023-06-24T04:00:00.000Z
791,"June 25, 2023",1,2023-06-25,2023-06-25T04:00:00.000Z
792,"June 26, 2023",1,2023-06-26,2023-06-26T04:00:00.000Z
793,"June 27, 2023",5,2023-06-27,2023-06-27T04:00:00.000Z
794,"June 28, 2023",4,2023-06-28,2023-06-28T04:00:00.000Z
795,"June 30, 2023",2,2023-06-30,2023-06-30T04:00:00.000Z
796,"July 08, 2023",1,2023-07-08,2023-07-08T04:00:00.000Z
797,"July 12, 2023",3,2023-07-12,2023-07-12T04:00:00.000Z
798,"July 13, 2023",3,2023-07-13,2023-07-13T04:00:00.000Z
799,"July 15, 2023",2,2023-07-15,2023-07-15T04:00:00.000Z
800,"July 19, 2023",1,2023-07-19,2023-07-19T04:00:00.000Z
801,"July 22, 2023",2,2023-07-22,2023-07-22T04:00:00.000Z
802,"July 23, 2023",1,2023-07-23,2023-07-23T04:00:00.000Z
803,"July 26, 2023",1,2023-07-26,2023-07-26T04:00:00.000Z
804,"July 29, 2023",3,2023-07-29,2023-07-29T04:00:00.000Z
805,"August 01, 2023",18,2023-08-01,2023-08-01T04:00:00.000Z
806,"August 02, 2023",1,2023-08-02,2023-08-02T04:00:00.000Z
807,"August 05, 2023",3,2023-08-05,2023-08-05T04:00:00.000Z
808,"August 06, 2023",1,2023-08-06,2023-08-06T04:00:00.000Z
809,"August 08, 2023",1,2023-08-08,2023-08-08T04:00:00.000Z
810,"August 09, 2023",1,2023-08-09,2023-08-09T04:00:00.000Z
811,"August 10, 2023",1,2023-08-10,2023-08-10T04:00:00.000Z
812,"August 12, 2023",8,2023-08-12,2023-08-12T04:00:00.000Z
813,"August 13, 2023",2,2023-08-13,2023-08-13T04:00:00.000Z
814,"August 14, 2023",1,2023-08-14,2023-08-14T04:00:00.000Z
815,"August 15, 2023",2,2023-08-15,2023-08-15T04:00:00.000Z
816,"August 19, 2023",1,2023-08-19,2023-08-19T04:00:00.000Z
817,"August 23, 2023",2,2023-08-23,2023-08-23T04:00:00.000Z
818,"August 25, 2023",1,2023-08-25,2023-08-25T04:00:00.000Z
819,"August 26, 2023",5,2023-08-26,2023-08-26T04:00:00.000Z
820,"August 28, 2023",1,2023-08-28,2023-08-28T04:00:00.000Z
821,"August 29, 2023",2,2023-08-29,2023-08-29T04:00:00.000Z
822,"August 30, 2023",1,2023-08-30,2023-08-30T04:00:00.000Z
823,"August 31, 2023",3,2023-08-31,2023-08-31T04:00:00.000Z
824,"September 01, 2023",2,2023-09-01,2023-09-01T04:00:00.000Z
825,"September 03, 2023",1,2023-09-03,2023-09-03T04:00:00.000Z
826,"September 04, 2023",1,2023-09-04,2023-09-04T04:00:00.000Z
827,"September 05, 2023",2,2023-09-05,2023-09-05T04:00:00.000Z
828,"September 06, 2023",4,2023-09-06,2023-09-06T04:00:00.000Z
829,"September 07, 2023",6,2023-09-07,2023-09-07T04:00:00.000Z
830,"September 08, 2023",2,2023-09-08,2023-09-08T04:00:00.000Z
831,"September 09, 2023",2,2023-09-09,2023-09-09T04:00:00.000Z
832,"September 10, 2023",4,2023-09-10,2023-09-10T04:00:00.000Z
833,"September 11, 2023",3,2023-09-11,2023-09-11T04:00:00.000Z
834,"September 12, 2023",7,2023-09-12,2023-09-12T04:00:00.000Z
835,"September 13, 2023",7,2023-09-13,2023-09-13T04:00:00.000Z
836,"September 14, 2023",4,2023-09-14,2023-09-14T04:00:00.000Z
837,"September 15, 2023",1,2023-09-15,2023-09-15T04:00:00.000Z
838,"September 18, 2023",3,2023-09-18,2023-09-18T04:00:00.000Z
839,"September 19, 2023",3,2023-09-19,2023-09-19T04:00:00.000Z
840,"September 20, 2023",5,2023-09-20,2023-09-20T04:00:00.000Z
841,"September 21, 2023",3,2023-09-21,2023-09-21T04:00:00.000Z
842,"September 22, 2023",1,2023-09-22,2023-09-22T04:00:00.000Z
843,"September 25, 2023",2,2023-09-25,2023-09-25T04:00:00.000Z
844,"September 26, 2023",6,2023-09-26,2023-09-26T04:00:00.000Z
845,"September 27, 2023",5,2023-09-27,2023-09-27T04:00:00.000Z
846,"September 28, 2023",2,2023-09-28,2023-09-28T04:00:00.000Z
847,"September 30, 2023",1,2023-09-30,2023-09-30T04:00:00.000Z
848,"October 02, 2023",1,2023-10-02,2023-10-02T04:00:00.000Z
849,"October 03, 2023",1,2023-10-03,2023-10-03T04:00:00.000Z
850,"October 04, 2023",1,2023-10-04,2023-10-04T04:00:00.000Z
851,"October 05, 2023",6,2023-10-05,2023-10-05T04:00:00.000Z
852,"October 07, 2023",2,2023-10-07,2023-10-07T04:00:00.000Z
853,"October 08, 2023",1,2023-10-08,2023-10-08T04:00:00.000Z
854,"October 10, 2023",7,2023-10-10,2023-10-10T04:00:00.000Z
855,"October 11, 2023",6,2023-10-11,2023-10-11T04:00:00.000Z
856,"October 12, 2023",4,2023-10-12,2023-10-12T04:00:00.000Z
857,"October 15, 2023",3,2023-10-15,2023-10-15T04:00:00.000Z
858,"October 17, 2023",3,2023-10-17,2023-10-17T04:00:00.000Z
859,"October 18, 2023",6,2023-10-18,2023-10-18T04:00:00.000Z
860,"October 19, 2023",4,2023-10-19,2023-10-19T04:00:00.000Z
861,"October 20, 2023",2,2023-10-20,2023-10-20T04:00:00.000Z
862,"October 21, 2023",1,2023-10-21,2023-10-21T04:00:00.000Z
863,"October 23, 2023",1,2023-10-23,2023-10-23T04:00:00.000Z
864,"October 24, 2023",4,2023-10-24,2023-10-24T04:00:00.000Z
865,"October 25, 2023",8,2023-10-25,2023-10-25T04:00:00.000Z
866,"October 26, 2023",1,2023-10-26,2023-10-26T04:00:00.000Z
867,"October 27, 2023",1,2023-10-27,2023-10-27T04:00:00.000Z
868,"October 28, 2023",5,2023-10-28,2023-10-28T04:00:00.000Z
869,"October 29, 2023",3,2023-10-29,2023-10-29T04:00:00.000Z
870,"October 30, 2023",1,2023-10-30,2023-10-30T04:00:00.000Z
871,"October 31, 2023",3,2023-10-31,2023-10-31T04:00:00.000Z
872,"November 01, 2023",4,2023-11-01,2023-11-01T04:00:00.000Z
873,"November 02, 2023",4,2023-11-02,2023-11-02T04:00:00.000Z
874,"November 03, 2023",1,2023-11-03,2023-11-03T04:00:00.000Z
875,"November 06, 2023",1,2023-11-06,2023-11-06T05:00:00.000Z
876,"November 07, 2023",1,2023-11-07,2023-11-07T05:00:00.000Z
877,"November 08, 2023",4,2023-11-08,2023-11-08T05:00:00.000Z
878,"November 09, 2023",6,2023-11-09,2023-11-09T05:00:00.000Z
879,"November 11, 2023",1,2023-11-11,2023-11-11T05:00:00.000Z
880,"November 12, 2023",1,2023-11-12,2023-11-12T05:00:00.000Z
881,"November 13, 2023",1,2023-11-13,2023-11-13T05:00:00.000Z
882,"November 14, 2023",10,2023-11-14,2023-11-14T05:00:00.000Z
883,"November 15, 2023",6,2023-11-15,2023-11-15T05:00:00.000Z
884,"November 16, 2023",2,2023-11-16,2023-11-16T05:00:00.000Z
885,"November 17, 2023",1,2023-11-17,2023-11-17T05:00:00.000Z
886,"November 18, 2023",2,2023-11-18,2023-11-18T05:00:00.000Z
887,"November 20, 2023",3,2023-11-20,2023-11-20T05:00:00.000Z
888,"November 21, 2023",5,2023-11-21,2023-11-21T05:00:00.000Z
889,"November 27, 2023",2,2023-11-27,2023-11-27T05:00:00.000Z
890,"November 28, 2023",4,2023-11-28,2023-11-28T05:00:00.000Z
891,"November 29, 2023",2,2023-11-29,2023-11-29T05:00:00.000Z
892,"November 30, 2023",1,2023-11-30,2023-11-30T05:00:00.000Z
893,"December 02, 2023",4,2023-12-02,2023-12-02T05:00:00.000Z
894,"December 03, 2023",1,2023-12-03,2023-12-03T05:00:00.000Z
895,"December 04, 2023",3,2023-12-04,2023-12-04T05:00:00.000Z
896,"December 05, 2023",2,2023-12-05,2023-12-05T05:00:00.000Z
897,"December 06, 2023",1,2023-12-06,2023-12-06T05:00:00.000Z
898,"December 07, 2023",4,2023-12-07,2023-12-07T05:00:00.000Z
899,"December 08, 2023",1,2023-12-08,2023-12-08T05:00:00.000Z
900,"December 09, 2023",1,2023-12-09,2023-12-09T05:00:00.000Z
901,"December 10, 2023",3,2023-12-10,2023-12-10T05:00:00.000Z
902,"December 11, 2023",2,2023-12-11,2023-12-11T05:00:00.000Z
903,"December 12, 2023",5,2023-12-12,2023-12-12T05:00:00.000Z
904,"December 13, 2023",6,2023-12-13,2023-12-13T05:00:00.000Z
905,"December 14, 2023",3,2023-12-14,2023-12-14T05:00:00.000Z
906,"December 16, 2023",1,2023-12-16,2023-12-16T05:00:00.000Z
907,"December 17, 2023",4,2023-12-17,2023-12-17T05:00:00.000Z
908,"December 18, 2023",2,2023-12-18,2023-12-18T05:00:00.000Z
909,"December 19, 2023",4,2023-12-19,2023-12-19T05:00:00.000Z
910,"December 20, 2023",6,2023-12-20,2023-12-20T05:00:00.000Z
911,"December 21, 2023",3,2023-12-21,2023-12-21T05:00:00.000Z
912,"December 22, 2023",1,2023-12-22,2023-12-22T05:00:00.000Z
913,"December 26, 2023",3,2023-12-26,2023-12-26T05:00:00.000Z
914,"December 27, 2023",2,2023-12-27,2023-12-27T05:00:00.000Z
915,"December 28, 2023",1,2023-12-28,2023-12-28T05:00:00.000Z
916,"December 30, 2023",1,2023-12-30,2023-12-30T05:00:00.000Z
917,"January 02, 2024",5,2024-01-02,2024-01-02T05:00:00.000Z
918,"January 04, 2024",3,2024-01-04,2024-01-04T05:00:00.000Z
919,"January 06, 2024",2,2024-01-06,2024-01-06T05:00:00.000Z
920,"January 08, 2024",1,2024-01-08,2024-01-08T05:00:00.000Z
921,"January 09, 2024",3,2024-01-09,2024-01-09T05:00:00.000Z
922,"January 10, 2024",4,2024-01-10,2024-01-10T05:00:00.000Z
923,"January 11, 2024",3,2024-01-11,2024-01-11T05:00:00.000Z
924,"January 15, 2024",2,2024-01-15,2024-01-15T05:00:00.000Z
925,"January 20, 2024",1,2024-01-20,2024-01-20T05:00:00.000Z
926,"January 21, 2024",1,2024-01-21,2024-01-21T05:00:00.000Z
927,"January 23, 2024",4,2024-01-23,2024-01-23T05:00:00.000Z
928,"January 24, 2024",3,2024-01-24,2024-01-24T05:00:00.000Z
929,"January 26, 2024",1,2024-01-26,2024-01-26T05:00:00.000Z
930,"January 29, 2024",1,2024-01-29,2024-01-29T05:00:00.000Z
931,"January 30, 2024",4,2024-01-30,2024-01-30T05:00:00.000Z
932,"January 31, 2024",3,2024-01-31,2024-01-31T05:00:00.000Z
933,"February 01, 2024",6,2024-02-01,2024-02-01T05:00:00.000Z
934,"February 05, 2024",1,2024-02-05,2024-02-05T05:00:00.000Z
935,"February 06, 2024",2,2024-02-06,2024-02-06T05:00:00.000Z
936,"February 07, 2024",2,2024-02-07,2024-02-07T05:00:00.000Z
937,"February 08, 2024",4,2024-02-08,2024-02-08T05:00:00.000Z
938,"February 09, 2024",1,2024-02-09,2024-02-09T05:00:00.000Z
939,"February 10, 2024",1,2024-02-10,2024-02-10T05:00:00.000Z
940,"February 11, 2024",1,2024-02-11,2024-02-11T05:00:00.000Z
941,"February 13, 2024",4,2024-02-13,2024-02-13T05:00:00.000Z
942,"February 14, 2024",3,2024-02-14,2024-02-14T05:00:00.000Z
943,"February 15, 2024",2,2024-02-15,2024-02-15T05:00:00.000Z
944,"February 16, 2024",1,2024-02-16,2024-02-16T05:00:00.000Z
945,"February 19, 2024",1,2024-02-19,2024-02-19T05:00:00.000Z
946,"February 20, 2024",6,2024-02-20,2024-02-20T05:00:00.000Z
947,"February 21, 2024",5,2024-02-21,2024-02-21T05:00:00.000Z
948,"February 22, 2024",1,2024-02-22,2024-02-22T05:00:00.000Z
949,"February 25, 2024",1,2024-02-25,2024-02-25T05:00:00.000Z
950,"February 26, 2024",1,2024-02-26,2024-02-26T05:00:00.000Z
951,"February 27, 2024",6,2024-02-27,2024-02-27T05:00:00.000Z
952,"February 28, 2024",7,2024-02-28,2024-02-28T05:00:00.000Z
953,"March 02, 2024",2,2024-03-02,2024-03-02T05:00:00.000Z
954,"March 03, 2024",2,2024-03-03,2024-03-03T05:00:00.000Z
955,"March 04, 2024",1,2024-03-04,2024-03-04T05:00:00.000Z
956,"March 05, 2024",4,2024-03-05,2024-03-05T05:00:00.000Z
957,"March 06, 2024",2,2024-03-06,2024-03-06T05:00:00.000Z
958,"March 07, 2024",4,2024-03-07,2024-03-07T05:00:00.000Z
959,"March 08, 2024",1,2024-03-08,2024-03-08T05:00:00.000Z
960,"March 12, 2024",5,2024-03-12,2024-03-12T04:00:00.000Z
961,"March 13, 2024",5,2024-03-13,2024-03-13T04:00:00.000Z
962,"March 14, 2024",5,2024-03-14,2024-03-14T04:00:00.000Z
963,"March 18, 2024",1,2024-03-18,2024-03-18T04:00:00.000Z
964,"March 19, 2024",6,2024-03-19,2024-03-19T04:00:00.000Z
965,"March 20, 2024",9,2024-03-20,2024-03-20T04:00:00.000Z
966,"March 21, 2024",1,2024-03-21,2024-03-21T04:00:00.000Z
967,"March 22, 2024",2,2024-03-22,2024-03-22T04:00:00.000Z
968,"March 23, 2024",1,2024-03-23,2024-03-23T04:00:00.000Z
969,"March 24, 2024",1,2024-03-24,2024-03-24T04:00:00.000Z
970,"March 25, 2024",2,2024-03-25,2024-03-25T04:00:00.000Z
971,"March 26, 2024",3,2024-03-26,2024-03-26T04:00:00.000Z
972,"March 27, 2024",5,2024-03-27,2024-03-27T04:00:00.000Z
973,"March 28, 2024",3,2024-03-28,2024-03-28T04:00:00.000Z
974,"March 29, 2024",1,2024-03-29,2024-03-29T04:00:00.000Z
975,"March 30, 2024",1,2024-03-30,2024-03-30T04:00:00.000Z
976,"April 01, 2024",1,2024-04-01,2024-04-01T04:00:00.000Z
977,"April 02, 2024",2,2024-04-02,2024-04-02T04:00:00.000Z
978,"April 04, 2024",4,2024-04-04,2024-04-04T04:00:00.000Z
979,"April 06, 2024",4,2024-04-06,2024-04-06T04:00:00.000Z
980,"April 07, 2024",1,2024-04-07,2024-04-07T04:00:00.000Z
981,"April 09, 2024",3,2024-04-09,2024-04-09T04:00:00.000Z
982,"April 10, 2024",6,2024-04-10,2024-04-10T04:00:00.000Z
983,"April 11, 2024",4,2024-04-11,2024-04-11T04:00:00.000Z
984,"April 12, 2024",1,2024-04-12,2024-04-12T04:00:00.000Z
985,"April 13, 2024",1,2024-04-13,2024-04-13T04:00:00.000Z
986,"April 14, 2024",3,2024-04-14,2024-04-14T04:00:00.000Z
987,"April 15, 2024",1,2024-04-15,2024-04-15T04:00:00.000Z
988,"April 16, 2024",6,2024-04-16,2024-04-16T04:00:00.000Z
989,"April 17, 2024",5,2024-04-17,2024-04-17T04:00:00.000Z
990,"April 18, 2024",2,2024-04-18,2024-04-18T04:00:00.000Z
991,"April 23, 2024",2,2024-04-23,2024-04-23T04:00:00.000Z
992,"April 24, 2024",2,2024-04-24,2024-04-24T04:00:00.000Z
993,"April 25, 2024",2,2024-04-25,2024-04-25T04:00:00.000Z
994,"April 26, 2024",1,2024-04-26,2024-04-26T04:00:00.000Z
995,"April 27, 2024",1,2024-04-27,2024-04-27T04:00:00.000Z
996,"April 29, 2024",1,2024-04-29,2024-04-29T04:00:00.000Z
997,"April 30, 2024",3,2024-04-30,2024-04-30T04:00:00.000Z
998,"May 01, 2024",2,2024-05-01,2024-05-01T04:00:00.000Z
999,"May 02, 2024",4,2024-05-02,2024-05-02T04:00:00.000Z
1000,"May 03, 2024",1,2024-05-03,2024-05-03T04:00:00.000Z
1001,"May 05, 2024",2,2024-05-05,2024-05-05T04:00:00.000Z
1002,"May 06, 2024",1,2024-05-06,2024-05-06T04:00:00.000Z
1003,"May 07, 2024",2,2024-05-07,2024-05-07T04:00:00.000Z
1004,"May 08, 2024",6,2024-05-08,2024-05-08T04:00:00.000Z
1005,"May 09, 2024",5,2024-05-09,2024-05-09T04:00:00.000Z
1006,"May 10, 2024",2,2024-05-10,2024-05-10T04:00:00.000Z
1007,"May 11, 2024",1,2024-05-11,2024-05-11T04:00:00.000Z
1008,"May 13, 2024",2,2024-05-13,2024-05-13T04:00:00.000Z
1009,"May 14, 2024",3,2024-05-14,2024-05-14T04:00:00.000Z
1010,"May 15, 2024",5,2024-05-15,2024-05-15T04:00:00.000Z
1011,"May 16, 2024",1,2024-05-16,2024-05-16T04:00:00.000Z
1012,"May 17, 2024",1,2024-05-17,2024-05-17T04:00:00.000Z
1013,"May 18, 2024",3,2024-05-18,2024-05-18T04:00:00.000Z
1014,"May 19, 2024",1,2024-05-19,2024-05-19T04:00:00.000Z
1015,"May 20, 2024",3,2024-05-20,2024-05-20T04:00:00.000Z
1016,"May 21, 2024",2,2024-05-21,2024-05-21T04:00:00.000Z
1017,"May 22, 2024",3,2024-05-22,2024-05-22T04:00:00.000Z
1018,"May 23, 2024",2,2024-05-23,2024-05-23T04:00:00.000Z
1019,"May 24, 2024",1,2024-05-24,2024-05-24T04:00:00.000Z
1020,"May 25, 2024",1,2024-05-25,2024-05-25T04:00:00.000Z
1021,"May 26, 2024",3,2024-05-26,2024-05-26T04:00:00.000Z
1022,"May 27, 2024",4,2024-05-27,2024-05-27T04:00:00.000Z
1023,"May 28, 2024",4,2024-05-28,2024-05-28T04:00:00.000Z
1024,"May 29, 2024",3,2024-05-29,2024-05-29T04:00:00.000Z
1025,"May 30, 2024",1,2024-05-30,2024-05-30T04:00:00.000Z
1026,"June 02, 2024",2,2024-06-02,2024-06-02T04:00:00.000Z
1027,"June 03, 2024",2,2024-06-03,2024-06-03T04:00:00.000Z
1028,"June 04, 2024",2,2024-06-04,2024-06-04T04:00:00.000Z
1029,"June 05, 2024",4,2024-06-05,2024-06-05T04:00:00.000Z
1030,"June 06, 2024",6,2024-06-06,2024-06-06T04:00:00.000Z
1031,"June 10, 2024",1,2024-06-10,2024-06-10T04:00:00.000Z
1032,"June 11, 2024",4,2024-06-11,2024-06-11T04:00:00.000Z
1033,"June 12, 2024",7,2024-06-12,2024-06-12T04:00:00.000Z
1034,"June 13, 2024",6,2024-06-13,2024-06-13T04:00:00.000Z
1035,"June 15, 2024",1,2024-06-15,2024-06-15T04:00:00.000Z
1036,"June 17, 2024",2,2024-06-17,2024-06-17T04:00:00.000Z
1037,"June 18, 2024",3,2024-06-18,2024-06-18T04:00:00.000Z
1038,"June 19, 2024",3,2024-06-19,2024-06-19T04:00:00.000Z
1039,"June 20, 2024",2,2024-06-20,2024-06-20T04:00:00.000Z
1040,"June 21, 2024",2,2024-06-21,2024-06-21T04:00:00.000Z
1041,"June 24, 2024",3,2024-06-24,2024-06-24T04:00:00.000Z
1042,"June 25, 2024",6,2024-06-25,2024-06-25T04:00:00.000Z
1043,"June 26, 2024",6,2024-06-26,2024-06-26T04:00:00.000Z
1044,"June 27, 2024",3,2024-06-27,2024-06-27T04:00:00.000Z
1045,"June 28, 2024",1,2024-06-28,2024-06-28T04:00:00.000Z
1046,"June 29, 2024",1,2024-06-29,2024-06-29T04:00:00.000Z
1047,"June 30, 2024",1,2024-06-30,2024-06-30T04:00:00.000Z
1048,"July 11, 2024",3,2024-07-11,2024-07-11T04:00:00.000Z
1049,"July 12, 2024",1,2024-07-12,2024-07-12T04:00:00.000Z
1050,"July 16, 2024",1,2024-07-16,2024-07-16T04:00:00.000Z
1051,"July 17, 2024",2,2024-07-17,2024-07-17T04:00:00.000Z
1052,"July 18, 2024",2,2024-07-18,2024-07-18T04:00:00.000Z
1053,"July 20, 2024",1,2024-07-20,2024-07-20T04:00:00.000Z
1054,"July 27, 2024",1,2024-07-27,2024-07-27T04:00:00.000Z
1055,"July 31, 2024",1,2024-07-31,2024-07-31T04:00:00.000Z
1056,"August 03, 2024",2,2024-08-03,2024-08-03T04:00:00.000Z
1057,"August 06, 2024",17,2024-08-06,2024-08-06T04:00:00.000Z
1058,"August 07, 2024",2,2024-08-07,2024-08-07T04:00:00.000Z
1059,"August 08, 2024",3,2024-08-08,2024-08-08T04:00:00.000Z
1060,"August 10, 2024",1,2024-08-10,2024-08-10T04:00:00.000Z
1061,"August 11, 2024",1,2024-08-11,2024-08-11T04:00:00.000Z
1062,"August 13, 2024",2,2024-08-13,2024-08-13T04:00:00.000Z
1063,"August 14, 2024",1,2024-08-14,2024-08-14T04:00:00.000Z
1064,"August 15, 2024",1,2024-08-15,2024-08-15T04:00:00.000Z
1065,"August 16, 2024",2,2024-08-16,2024-08-16T04:00:00.000Z
1066,"August 20, 2024",1,2024-08-20,2024-08-20T04:00:00.000Z
1067,"August 21, 2024",1,2024-08-21,2024-08-21T04:00:00.000Z
1068,"September 04, 2024",1,2024-09-04,2024-09-04T04:00:00.000Z
1069,"September 05, 2024",2,2024-09-05,2024-09-05T04:00:00.000Z
1070,"September 11, 2024",2,2024-09-11,2024-09-11T04:00:00.000Z
1071,"September 12, 2024",1,2024-09-12,2024-09-12T04:00:00.000Z
1072,"September 17, 2024",2,2024-09-17,2024-09-17T04:00:00.000Z
1073,"September 18, 2024",2,2024-09-18,2024-09-18T04:00:00.000Z
1074,"September 24, 2024",2,2024-09-24,2024-09-24T04:00:00.000Z
1075,"October 03, 2024",2,2024-10-03,2024-10-03T04:00:00.000Z
1076,"October 07, 2024",1,2024-10-07,2024-10-07T04:00:00.000Z
1077,"October 09, 2024",1,2024-10-09,2024-10-09T04:00:00.000Z
1078,"October 10, 2024",1,2024-10-10,2024-10-10T04:00:00.000Z
1079,"October 15, 2024",2,2024-10-15,2024-10-15T04:00:00.000Z
1080,"October 16, 2024",1,2024-10-16,2024-10-16T04:00:00.000Z
1081,"October 22, 2024",1,2024-10-22,2024-10-22T04:00:00.000Z
1082,"October 23, 2024",1,2024-10-23,2024-10-23T04:00:00.000Z
1083,"October 29, 2024",1,2024-10-29,2024-10-29T04:00:00.000Z
1084,"November 07, 2024",2,2024-11-07,2024-11-07T05:00:00.000Z
1085,"November 13, 2024",2,2024-11-13,2024-11-13T05:00:00.000Z
1086,"November 14, 2024",1,2024-11-14,2024-11-14T05:00:00.000Z
1087,"November 19, 2024",1,2024-11-19,2024-11-19T05:00:00.000Z
1088,"November 20, 2024",1,2024-11-20,2024-11-20T05:00:00.000Z
1089,"November 26, 2024",2,2024-11-26,2024-11-26T05:00:00.000Z
