,merge,value,date,add_time,full_date
1,2021-01-04,1,2021-01-04T05:00:00.000Z,05:00:00.000Z,2021-01-04T05:00:00.000Z
2,2021-01-06,3,2021-01-06T05:00:00.000Z,05:00:00.000Z,2021-01-06T05:00:00.000Z
3,2021-01-07,6,2021-01-07T05:00:00.000Z,05:00:00.000Z,2021-01-07T05:00:00.000Z
4,2021-01-11,2,2021-01-11T05:00:00.000Z,05:00:00.000Z,2021-01-11T05:00:00.000Z
5,2021-01-12,5,2021-01-12T05:00:00.000Z,05:00:00.000Z,2021-01-12T05:00:00.000Z
6,2021-01-13,4,2021-01-13T05:00:00.000Z,05:00:00.000Z,2021-01-13T05:00:00.000Z
7,2021-01-14,2,2021-01-14T05:00:00.000Z,05:00:00.000Z,2021-01-14T05:00:00.000Z
8,2021-01-15,2,2021-01-15T05:00:00.000Z,05:00:00.000Z,2021-01-15T05:00:00.000Z
9,2021-01-17,1,2021-01-17T05:00:00.000Z,05:00:00.000Z,2021-01-17T05:00:00.000Z
10,2021-01-18,8,2021-01-18T05:00:00.000Z,05:00:00.000Z,2021-01-18T05:00:00.000Z
11,2021-01-19,3,2021-01-19T05:00:00.000Z,05:00:00.000Z,2021-01-19T05:00:00.000Z
12,2021-01-20,4,2021-01-20T05:00:00.000Z,05:00:00.000Z,2021-01-20T05:00:00.000Z
13,2021-01-21,3,2021-01-21T05:00:00.000Z,05:00:00.000Z,2021-01-21T05:00:00.000Z
14,2021-01-22,1,2021-01-22T05:00:00.000Z,05:00:00.000Z,2021-01-22T05:00:00.000Z
15,2021-01-25,2,2021-01-25T05:00:00.000Z,05:00:00.000Z,2021-01-25T05:00:00.000Z
16,2021-01-26,9,2021-01-26T05:00:00.000Z,05:00:00.000Z,2021-01-26T05:00:00.000Z
17,2021-01-27,3,2021-01-27T05:00:00.000Z,05:00:00.000Z,2021-01-27T05:00:00.000Z
18,2021-01-28,6,2021-01-28T05:00:00.000Z,05:00:00.000Z,2021-01-28T05:00:00.000Z
19,2021-01-29,2,2021-01-29T05:00:00.000Z,05:00:00.000Z,2021-01-29T05:00:00.000Z
20,2021-02-01,2,2021-02-01T05:00:00.000Z,05:00:00.000Z,2021-02-01T05:00:00.000Z
21,2021-02-02,1,2021-02-02T05:00:00.000Z,05:00:00.000Z,2021-02-02T05:00:00.000Z
22,2021-02-03,6,2021-02-03T05:00:00.000Z,05:00:00.000Z,2021-02-03T05:00:00.000Z
23,2021-02-04,8,2021-02-04T05:00:00.000Z,05:00:00.000Z,2021-02-04T05:00:00.000Z
24,2021-02-05,2,2021-02-05T05:00:00.000Z,05:00:00.000Z,2021-02-05T05:00:00.000Z
25,2021-02-08,1,2021-02-08T05:00:00.000Z,05:00:00.000Z,2021-02-08T05:00:00.000Z
26,2021-02-09,6,2021-02-09T05:00:00.000Z,05:00:00.000Z,2021-02-09T05:00:00.000Z
27,2021-02-10,7,2021-02-10T05:00:00.000Z,05:00:00.000Z,2021-02-10T05:00:00.000Z
28,2021-02-11,1,2021-02-11T05:00:00.000Z,05:00:00.000Z,2021-02-11T05:00:00.000Z
29,2021-02-13,1,2021-02-13T05:00:00.000Z,05:00:00.000Z,2021-02-13T05:00:00.000Z
30,2021-02-15,1,2021-02-15T05:00:00.000Z,05:00:00.000Z,2021-02-15T05:00:00.000Z
31,2021-02-16,3,2021-02-16T05:00:00.000Z,05:00:00.000Z,2021-02-16T05:00:00.000Z
32,2021-02-17,6,2021-02-17T05:00:00.000Z,05:00:00.000Z,2021-02-17T05:00:00.000Z
33,2021-02-18,3,2021-02-18T05:00:00.000Z,05:00:00.000Z,2021-02-18T05:00:00.000Z
34,2021-02-19,1,2021-02-19T05:00:00.000Z,05:00:00.000Z,2021-02-19T05:00:00.000Z
35,2021-02-21,5,2021-02-21T05:00:00.000Z,05:00:00.000Z,2021-02-21T05:00:00.000Z
36,2021-02-22,3,2021-02-22T05:00:00.000Z,05:00:00.000Z,2021-02-22T05:00:00.000Z
37,2021-02-23,2,2021-02-23T05:00:00.000Z,05:00:00.000Z,2021-02-23T05:00:00.000Z
38,2021-02-24,4,2021-02-24T05:00:00.000Z,05:00:00.000Z,2021-02-24T05:00:00.000Z
39,2021-02-25,5,2021-02-25T05:00:00.000Z,05:00:00.000Z,2021-02-25T05:00:00.000Z
40,2021-02-26,3,2021-02-26T05:00:00.000Z,05:00:00.000Z,2021-02-26T05:00:00.000Z
41,2021-02-28,2,2021-02-28T05:00:00.000Z,05:00:00.000Z,2021-02-28T05:00:00.000Z
42,2021-03-01,1,2021-03-01T05:00:00.000Z,05:00:00.000Z,2021-03-01T05:00:00.000Z
43,2021-03-02,1,2021-03-02T05:00:00.000Z,05:00:00.000Z,2021-03-02T05:00:00.000Z
44,2021-03-03,3,2021-03-03T05:00:00.000Z,05:00:00.000Z,2021-03-03T05:00:00.000Z
45,2021-03-04,3,2021-03-04T05:00:00.000Z,05:00:00.000Z,2021-03-04T05:00:00.000Z
46,2021-03-06,1,2021-03-06T05:00:00.000Z,05:00:00.000Z,2021-03-06T05:00:00.000Z
47,2021-03-08,3,2021-03-08T05:00:00.000Z,05:00:00.000Z,2021-03-08T05:00:00.000Z
48,2021-03-09,3,2021-03-09T05:00:00.000Z,05:00:00.000Z,2021-03-09T05:00:00.000Z
49,2021-03-10,3,2021-03-10T05:00:00.000Z,05:00:00.000Z,2021-03-10T05:00:00.000Z
50,2021-03-11,7,2021-03-11T05:00:00.000Z,05:00:00.000Z,2021-03-11T05:00:00.000Z
51,2021-03-15,1,2021-03-15T04:00:00.000Z,04:00:00.000Z,2021-03-15T04:00:00.000Z
52,2021-03-16,6,2021-03-16T04:00:00.000Z,04:00:00.000Z,2021-03-16T04:00:00.000Z
53,2021-03-17,5,2021-03-17T04:00:00.000Z,04:00:00.000Z,2021-03-17T04:00:00.000Z
54,2021-03-18,4,2021-03-18T04:00:00.000Z,04:00:00.000Z,2021-03-18T04:00:00.000Z
55,2021-03-21,5,2021-03-21T04:00:00.000Z,04:00:00.000Z,2021-03-21T04:00:00.000Z
56,2021-03-22,2,2021-03-22T04:00:00.000Z,04:00:00.000Z,2021-03-22T04:00:00.000Z
57,2021-03-23,4,2021-03-23T04:00:00.000Z,04:00:00.000Z,2021-03-23T04:00:00.000Z
58,2021-03-24,5,2021-03-24T04:00:00.000Z,04:00:00.000Z,2021-03-24T04:00:00.000Z
59,2021-03-25,9,2021-03-25T04:00:00.000Z,04:00:00.000Z,2021-03-25T04:00:00.000Z
60,2021-03-26,3,2021-03-26T04:00:00.000Z,04:00:00.000Z,2021-03-26T04:00:00.000Z
61,2021-03-27,2,2021-03-27T04:00:00.000Z,04:00:00.000Z,2021-03-27T04:00:00.000Z
62,2021-03-29,2,2021-03-29T04:00:00.000Z,04:00:00.000Z,2021-03-29T04:00:00.000Z
63,2021-03-30,5,2021-03-30T04:00:00.000Z,04:00:00.000Z,2021-03-30T04:00:00.000Z
64,2021-03-31,4,2021-03-31T04:00:00.000Z,04:00:00.000Z,2021-03-31T04:00:00.000Z
65,2021-04-01,1,2021-04-01T04:00:00.000Z,04:00:00.000Z,2021-04-01T04:00:00.000Z
66,2021-04-03,1,2021-04-03T04:00:00.000Z,04:00:00.000Z,2021-04-03T04:00:00.000Z
67,2021-04-04,1,2021-04-04T04:00:00.000Z,04:00:00.000Z,2021-04-04T04:00:00.000Z
68,2021-04-05,2,2021-04-05T04:00:00.000Z,04:00:00.000Z,2021-04-05T04:00:00.000Z
69,2021-04-06,5,2021-04-06T04:00:00.000Z,04:00:00.000Z,2021-04-06T04:00:00.000Z
70,2021-04-07,3,2021-04-07T04:00:00.000Z,04:00:00.000Z,2021-04-07T04:00:00.000Z
71,2021-04-08,4,2021-04-08T04:00:00.000Z,04:00:00.000Z,2021-04-08T04:00:00.000Z
72,2021-04-12,3,2021-04-12T04:00:00.000Z,04:00:00.000Z,2021-04-12T04:00:00.000Z
73,2021-04-13,5,2021-04-13T04:00:00.000Z,04:00:00.000Z,2021-04-13T04:00:00.000Z
74,2021-04-14,9,2021-04-14T04:00:00.000Z,04:00:00.000Z,2021-04-14T04:00:00.000Z
75,2021-04-15,1,2021-04-15T04:00:00.000Z,04:00:00.000Z,2021-04-15T04:00:00.000Z
76,2021-04-18,5,2021-04-18T04:00:00.000Z,04:00:00.000Z,2021-04-18T04:00:00.000Z
77,2021-04-19,1,2021-04-19T04:00:00.000Z,04:00:00.000Z,2021-04-19T04:00:00.000Z
78,2021-04-20,6,2021-04-20T04:00:00.000Z,04:00:00.000Z,2021-04-20T04:00:00.000Z
79,2021-04-21,9,2021-04-21T04:00:00.000Z,04:00:00.000Z,2021-04-21T04:00:00.000Z
80,2021-04-22,3,2021-04-22T04:00:00.000Z,04:00:00.000Z,2021-04-22T04:00:00.000Z
81,2021-04-24,2,2021-04-24T04:00:00.000Z,04:00:00.000Z,2021-04-24T04:00:00.000Z
82,2021-04-25,1,2021-04-25T04:00:00.000Z,04:00:00.000Z,2021-04-25T04:00:00.000Z
83,2021-04-26,3,2021-04-26T04:00:00.000Z,04:00:00.000Z,2021-04-26T04:00:00.000Z
84,2021-04-27,8,2021-04-27T04:00:00.000Z,04:00:00.000Z,2021-04-27T04:00:00.000Z
85,2021-04-28,4,2021-04-28T04:00:00.000Z,04:00:00.000Z,2021-04-28T04:00:00.000Z
86,2021-04-29,2,2021-04-29T04:00:00.000Z,04:00:00.000Z,2021-04-29T04:00:00.000Z
87,2021-04-30,1,2021-04-30T04:00:00.000Z,04:00:00.000Z,2021-04-30T04:00:00.000Z
88,2021-05-02,2,2021-05-02T04:00:00.000Z,04:00:00.000Z,2021-05-02T04:00:00.000Z
89,2021-05-03,1,2021-05-03T04:00:00.000Z,04:00:00.000Z,2021-05-03T04:00:00.000Z
90,2021-05-04,3,2021-05-04T04:00:00.000Z,04:00:00.000Z,2021-05-04T04:00:00.000Z
91,2021-05-05,3,2021-05-05T04:00:00.000Z,04:00:00.000Z,2021-05-05T04:00:00.000Z
92,2021-05-06,8,2021-05-06T04:00:00.000Z,04:00:00.000Z,2021-05-06T04:00:00.000Z
93,2021-05-08,1,2021-05-08T04:00:00.000Z,04:00:00.000Z,2021-05-08T04:00:00.000Z
94,2021-05-10,2,2021-05-10T04:00:00.000Z,04:00:00.000Z,2021-05-10T04:00:00.000Z
95,2021-05-11,5,2021-05-11T04:00:00.000Z,04:00:00.000Z,2021-05-11T04:00:00.000Z
96,2021-05-12,7,2021-05-12T04:00:00.000Z,04:00:00.000Z,2021-05-12T04:00:00.000Z
97,2021-05-13,2,2021-05-13T04:00:00.000Z,04:00:00.000Z,2021-05-13T04:00:00.000Z
98,2021-05-15,1,2021-05-15T04:00:00.000Z,04:00:00.000Z,2021-05-15T04:00:00.000Z
99,2021-05-16,3,2021-05-16T04:00:00.000Z,04:00:00.000Z,2021-05-16T04:00:00.000Z
100,2021-05-17,1,2021-05-17T04:00:00.000Z,04:00:00.000Z,2021-05-17T04:00:00.000Z
101,2021-05-18,6,2021-05-18T04:00:00.000Z,04:00:00.000Z,2021-05-18T04:00:00.000Z
102,2021-05-19,7,2021-05-19T04:00:00.000Z,04:00:00.000Z,2021-05-19T04:00:00.000Z
103,2021-05-20,6,2021-05-20T04:00:00.000Z,04:00:00.000Z,2021-05-20T04:00:00.000Z
104,2021-05-22,1,2021-05-22T04:00:00.000Z,04:00:00.000Z,2021-05-22T04:00:00.000Z
105,2021-05-23,1,2021-05-23T04:00:00.000Z,04:00:00.000Z,2021-05-23T04:00:00.000Z
106,2021-05-24,2,2021-05-24T04:00:00.000Z,04:00:00.000Z,2021-05-24T04:00:00.000Z
107,2021-05-25,6,2021-05-25T04:00:00.000Z,04:00:00.000Z,2021-05-25T04:00:00.000Z
108,2021-05-26,6,2021-05-26T04:00:00.000Z,04:00:00.000Z,2021-05-26T04:00:00.000Z
109,2021-05-27,4,2021-05-27T04:00:00.000Z,04:00:00.000Z,2021-05-27T04:00:00.000Z
110,2021-05-29,1,2021-05-29T04:00:00.000Z,04:00:00.000Z,2021-05-29T04:00:00.000Z
111,2021-05-31,3,2021-05-31T04:00:00.000Z,04:00:00.000Z,2021-05-31T04:00:00.000Z
112,2021-06-02,5,2021-06-02T04:00:00.000Z,04:00:00.000Z,2021-06-02T04:00:00.000Z
113,2021-06-03,5,2021-06-03T04:00:00.000Z,04:00:00.000Z,2021-06-03T04:00:00.000Z
114,2021-06-04,1,2021-06-04T04:00:00.000Z,04:00:00.000Z,2021-06-04T04:00:00.000Z
115,2021-06-05,2,2021-06-05T04:00:00.000Z,04:00:00.000Z,2021-06-05T04:00:00.000Z
116,2021-06-07,1,2021-06-07T04:00:00.000Z,04:00:00.000Z,2021-06-07T04:00:00.000Z
117,2021-06-08,7,2021-06-08T04:00:00.000Z,04:00:00.000Z,2021-06-08T04:00:00.000Z
118,2021-06-09,7,2021-06-09T04:00:00.000Z,04:00:00.000Z,2021-06-09T04:00:00.000Z
119,2021-06-10,4,2021-06-10T04:00:00.000Z,04:00:00.000Z,2021-06-10T04:00:00.000Z
120,2021-06-12,4,2021-06-12T04:00:00.000Z,04:00:00.000Z,2021-06-12T04:00:00.000Z
121,2021-06-13,3,2021-06-13T04:00:00.000Z,04:00:00.000Z,2021-06-13T04:00:00.000Z
122,2021-06-14,2,2021-06-14T04:00:00.000Z,04:00:00.000Z,2021-06-14T04:00:00.000Z
123,2021-06-15,4,2021-06-15T04:00:00.000Z,04:00:00.000Z,2021-06-15T04:00:00.000Z
124,2021-06-16,6,2021-06-16T04:00:00.000Z,04:00:00.000Z,2021-06-16T04:00:00.000Z
125,2021-06-17,5,2021-06-17T04:00:00.000Z,04:00:00.000Z,2021-06-17T04:00:00.000Z
126,2021-06-19,8,2021-06-19T04:00:00.000Z,04:00:00.000Z,2021-06-19T04:00:00.000Z
127,2021-06-20,1,2021-06-20T04:00:00.000Z,04:00:00.000Z,2021-06-20T04:00:00.000Z
128,2021-06-21,1,2021-06-21T04:00:00.000Z,04:00:00.000Z,2021-06-21T04:00:00.000Z
129,2021-06-22,3,2021-06-22T04:00:00.000Z,04:00:00.000Z,2021-06-22T04:00:00.000Z
130,2021-06-23,4,2021-06-23T04:00:00.000Z,04:00:00.000Z,2021-06-23T04:00:00.000Z
131,2021-06-25,2,2021-06-25T04:00:00.000Z,04:00:00.000Z,2021-06-25T04:00:00.000Z
132,2021-06-26,1,2021-06-26T04:00:00.000Z,04:00:00.000Z,2021-06-26T04:00:00.000Z
133,2021-06-28,3,2021-06-28T04:00:00.000Z,04:00:00.000Z,2021-06-28T04:00:00.000Z
134,2021-06-29,5,2021-06-29T04:00:00.000Z,04:00:00.000Z,2021-06-29T04:00:00.000Z
135,2021-06-30,4,2021-06-30T04:00:00.000Z,04:00:00.000Z,2021-06-30T04:00:00.000Z
136,2021-07-07,1,2021-07-07T04:00:00.000Z,04:00:00.000Z,2021-07-07T04:00:00.000Z
137,2021-07-08,3,2021-07-08T04:00:00.000Z,04:00:00.000Z,2021-07-08T04:00:00.000Z
138,2021-07-10,2,2021-07-10T04:00:00.000Z,04:00:00.000Z,2021-07-10T04:00:00.000Z
139,2021-07-11,1,2021-07-11T04:00:00.000Z,04:00:00.000Z,2021-07-11T04:00:00.000Z
140,2021-07-13,1,2021-07-13T04:00:00.000Z,04:00:00.000Z,2021-07-13T04:00:00.000Z
141,2021-07-14,1,2021-07-14T04:00:00.000Z,04:00:00.000Z,2021-07-14T04:00:00.000Z
142,2021-07-15,3,2021-07-15T04:00:00.000Z,04:00:00.000Z,2021-07-15T04:00:00.000Z
143,2021-07-16,1,2021-07-16T04:00:00.000Z,04:00:00.000Z,2021-07-16T04:00:00.000Z
144,2021-07-17,2,2021-07-17T04:00:00.000Z,04:00:00.000Z,2021-07-17T04:00:00.000Z
145,2021-07-18,1,2021-07-18T04:00:00.000Z,04:00:00.000Z,2021-07-18T04:00:00.000Z
146,2021-07-20,2,2021-07-20T04:00:00.000Z,04:00:00.000Z,2021-07-20T04:00:00.000Z
147,2021-07-21,3,2021-07-21T04:00:00.000Z,04:00:00.000Z,2021-07-21T04:00:00.000Z
148,2021-07-22,1,2021-07-22T04:00:00.000Z,04:00:00.000Z,2021-07-22T04:00:00.000Z
149,2021-07-23,3,2021-07-23T04:00:00.000Z,04:00:00.000Z,2021-07-23T04:00:00.000Z
150,2021-07-24,1,2021-07-24T04:00:00.000Z,04:00:00.000Z,2021-07-24T04:00:00.000Z
151,2021-07-28,3,2021-07-28T04:00:00.000Z,04:00:00.000Z,2021-07-28T04:00:00.000Z
152,2021-07-29,2,2021-07-29T04:00:00.000Z,04:00:00.000Z,2021-07-29T04:00:00.000Z
153,2021-07-31,1,2021-07-31T04:00:00.000Z,04:00:00.000Z,2021-07-31T04:00:00.000Z
154,2021-08-01,2,2021-08-01T04:00:00.000Z,04:00:00.000Z,2021-08-01T04:00:00.000Z
155,2021-08-02,1,2021-08-02T04:00:00.000Z,04:00:00.000Z,2021-08-02T04:00:00.000Z
156,2021-08-03,17,2021-08-03T04:00:00.000Z,04:00:00.000Z,2021-08-03T04:00:00.000Z
157,2021-08-04,1,2021-08-04T04:00:00.000Z,04:00:00.000Z,2021-08-04T04:00:00.000Z
158,2021-08-05,3,2021-08-05T04:00:00.000Z,04:00:00.000Z,2021-08-05T04:00:00.000Z
159,2021-08-06,2,2021-08-06T04:00:00.000Z,04:00:00.000Z,2021-08-06T04:00:00.000Z
160,2021-08-07,5,2021-08-07T04:00:00.000Z,04:00:00.000Z,2021-08-07T04:00:00.000Z
161,2021-08-08,1,2021-08-08T04:00:00.000Z,04:00:00.000Z,2021-08-08T04:00:00.000Z
162,2021-08-10,1,2021-08-10T04:00:00.000Z,04:00:00.000Z,2021-08-10T04:00:00.000Z
163,2021-08-11,1,2021-08-11T04:00:00.000Z,04:00:00.000Z,2021-08-11T04:00:00.000Z
164,2021-08-12,7,2021-08-12T04:00:00.000Z,04:00:00.000Z,2021-08-12T04:00:00.000Z
165,2021-08-14,1,2021-08-14T04:00:00.000Z,04:00:00.000Z,2021-08-14T04:00:00.000Z
166,2021-08-15,2,2021-08-15T04:00:00.000Z,04:00:00.000Z,2021-08-15T04:00:00.000Z
167,2021-08-16,1,2021-08-16T04:00:00.000Z,04:00:00.000Z,2021-08-16T04:00:00.000Z
168,2021-08-18,3,2021-08-18T04:00:00.000Z,04:00:00.000Z,2021-08-18T04:00:00.000Z
169,2021-08-19,2,2021-08-19T04:00:00.000Z,04:00:00.000Z,2021-08-19T04:00:00.000Z
170,2021-08-20,2,2021-08-20T04:00:00.000Z,04:00:00.000Z,2021-08-20T04:00:00.000Z
171,2021-08-21,2,2021-08-21T04:00:00.000Z,04:00:00.000Z,2021-08-21T04:00:00.000Z
172,2021-08-23,1,2021-08-23T04:00:00.000Z,04:00:00.000Z,2021-08-23T04:00:00.000Z
173,2021-08-25,4,2021-08-25T04:00:00.000Z,04:00:00.000Z,2021-08-25T04:00:00.000Z
174,2021-08-26,1,2021-08-26T04:00:00.000Z,04:00:00.000Z,2021-08-26T04:00:00.000Z
175,2021-08-28,9,2021-08-28T04:00:00.000Z,04:00:00.000Z,2021-08-28T04:00:00.000Z
176,2021-08-31,3,2021-08-31T04:00:00.000Z,04:00:00.000Z,2021-08-31T04:00:00.000Z
177,2021-09-02,3,2021-09-02T04:00:00.000Z,04:00:00.000Z,2021-09-02T04:00:00.000Z
178,2021-09-03,2,2021-09-03T04:00:00.000Z,04:00:00.000Z,2021-09-03T04:00:00.000Z
179,2021-09-04,1,2021-09-04T04:00:00.000Z,04:00:00.000Z,2021-09-04T04:00:00.000Z
180,2021-09-05,2,2021-09-05T04:00:00.000Z,04:00:00.000Z,2021-09-05T04:00:00.000Z
181,2021-09-08,2,2021-09-08T04:00:00.000Z,04:00:00.000Z,2021-09-08T04:00:00.000Z
182,2021-09-09,5,2021-09-09T04:00:00.000Z,04:00:00.000Z,2021-09-09T04:00:00.000Z
183,2021-09-10,3,2021-09-10T04:00:00.000Z,04:00:00.000Z,2021-09-10T04:00:00.000Z
184,2021-09-11,6,2021-09-11T04:00:00.000Z,04:00:00.000Z,2021-09-11T04:00:00.000Z
185,2021-09-12,6,2021-09-12T04:00:00.000Z,04:00:00.000Z,2021-09-12T04:00:00.000Z
186,2021-09-13,4,2021-09-13T04:00:00.000Z,04:00:00.000Z,2021-09-13T04:00:00.000Z
187,2021-09-14,8,2021-09-14T04:00:00.000Z,04:00:00.000Z,2021-09-14T04:00:00.000Z
188,2021-09-15,5,2021-09-15T04:00:00.000Z,04:00:00.000Z,2021-09-15T04:00:00.000Z
189,2021-09-16,4,2021-09-16T04:00:00.000Z,04:00:00.000Z,2021-09-16T04:00:00.000Z
190,2021-09-17,1,2021-09-17T04:00:00.000Z,04:00:00.000Z,2021-09-17T04:00:00.000Z
191,2021-09-18,8,2021-09-18T04:00:00.000Z,04:00:00.000Z,2021-09-18T04:00:00.000Z
192,2021-09-19,4,2021-09-19T04:00:00.000Z,04:00:00.000Z,2021-09-19T04:00:00.000Z
193,2021-09-20,2,2021-09-20T04:00:00.000Z,04:00:00.000Z,2021-09-20T04:00:00.000Z
194,2021-09-21,5,2021-09-21T04:00:00.000Z,04:00:00.000Z,2021-09-21T04:00:00.000Z
195,2021-09-22,1,2021-09-22T04:00:00.000Z,04:00:00.000Z,2021-09-22T04:00:00.000Z
196,2021-09-23,8,2021-09-23T04:00:00.000Z,04:00:00.000Z,2021-09-23T04:00:00.000Z
197,2021-09-24,1,2021-09-24T04:00:00.000Z,04:00:00.000Z,2021-09-24T04:00:00.000Z
198,2021-09-25,3,2021-09-25T04:00:00.000Z,04:00:00.000Z,2021-09-25T04:00:00.000Z
199,2021-09-26,2,2021-09-26T04:00:00.000Z,04:00:00.000Z,2021-09-26T04:00:00.000Z
200,2021-09-27,3,2021-09-27T04:00:00.000Z,04:00:00.000Z,2021-09-27T04:00:00.000Z
201,2021-09-28,4,2021-09-28T04:00:00.000Z,04:00:00.000Z,2021-09-28T04:00:00.000Z
202,2021-09-29,4,2021-09-29T04:00:00.000Z,04:00:00.000Z,2021-09-29T04:00:00.000Z
203,2021-09-30,3,2021-09-30T04:00:00.000Z,04:00:00.000Z,2021-09-30T04:00:00.000Z
204,2021-10-01,3,2021-10-01T04:00:00.000Z,04:00:00.000Z,2021-10-01T04:00:00.000Z
205,2021-10-04,1,2021-10-04T04:00:00.000Z,04:00:00.000Z,2021-10-04T04:00:00.000Z
206,2021-10-05,4,2021-10-05T04:00:00.000Z,04:00:00.000Z,2021-10-05T04:00:00.000Z
207,2021-10-06,3,2021-10-06T04:00:00.000Z,04:00:00.000Z,2021-10-06T04:00:00.000Z
208,2021-10-07,5,2021-10-07T04:00:00.000Z,04:00:00.000Z,2021-10-07T04:00:00.000Z
209,2021-10-08,1,2021-10-08T04:00:00.000Z,04:00:00.000Z,2021-10-08T04:00:00.000Z
210,2021-10-09,3,2021-10-09T04:00:00.000Z,04:00:00.000Z,2021-10-09T04:00:00.000Z
211,2021-10-12,6,2021-10-12T04:00:00.000Z,04:00:00.000Z,2021-10-12T04:00:00.000Z
212,2021-10-13,6,2021-10-13T04:00:00.000Z,04:00:00.000Z,2021-10-13T04:00:00.000Z
213,2021-10-14,3,2021-10-14T04:00:00.000Z,04:00:00.000Z,2021-10-14T04:00:00.000Z
214,2021-10-15,1,2021-10-15T04:00:00.000Z,04:00:00.000Z,2021-10-15T04:00:00.000Z
215,2021-10-16,1,2021-10-16T04:00:00.000Z,04:00:00.000Z,2021-10-16T04:00:00.000Z
216,2021-10-17,1,2021-10-17T04:00:00.000Z,04:00:00.000Z,2021-10-17T04:00:00.000Z
217,2021-10-18,2,2021-10-18T04:00:00.000Z,04:00:00.000Z,2021-10-18T04:00:00.000Z
218,2021-10-19,6,2021-10-19T04:00:00.000Z,04:00:00.000Z,2021-10-19T04:00:00.000Z
219,2021-10-20,6,2021-10-20T04:00:00.000Z,04:00:00.000Z,2021-10-20T04:00:00.000Z
220,2021-10-21,4,2021-10-21T04:00:00.000Z,04:00:00.000Z,2021-10-21T04:00:00.000Z
221,2021-10-22,3,2021-10-22T04:00:00.000Z,04:00:00.000Z,2021-10-22T04:00:00.000Z
222,2021-10-23,2,2021-10-23T04:00:00.000Z,04:00:00.000Z,2021-10-23T04:00:00.000Z
223,2021-10-25,2,2021-10-25T04:00:00.000Z,04:00:00.000Z,2021-10-25T04:00:00.000Z
224,2021-10-26,3,2021-10-26T04:00:00.000Z,04:00:00.000Z,2021-10-26T04:00:00.000Z
225,2021-10-27,1,2021-10-27T04:00:00.000Z,04:00:00.000Z,2021-10-27T04:00:00.000Z
226,2021-10-28,2,2021-10-28T04:00:00.000Z,04:00:00.000Z,2021-10-28T04:00:00.000Z
227,2021-10-29,2,2021-10-29T04:00:00.000Z,04:00:00.000Z,2021-10-29T04:00:00.000Z
228,2021-10-30,1,2021-10-30T04:00:00.000Z,04:00:00.000Z,2021-10-30T04:00:00.000Z
229,2021-10-31,3,2021-10-31T04:00:00.000Z,04:00:00.000Z,2021-10-31T04:00:00.000Z
230,2021-11-01,2,2021-11-01T04:00:00.000Z,04:00:00.000Z,2021-11-01T04:00:00.000Z
231,2021-11-03,2,2021-11-03T04:00:00.000Z,04:00:00.000Z,2021-11-03T04:00:00.000Z
232,2021-11-04,2,2021-11-04T04:00:00.000Z,04:00:00.000Z,2021-11-04T04:00:00.000Z
233,2021-11-05,1,2021-11-05T04:00:00.000Z,04:00:00.000Z,2021-11-05T04:00:00.000Z
234,2021-11-06,3,2021-11-06T04:00:00.000Z,04:00:00.000Z,2021-11-06T04:00:00.000Z
235,2021-11-07,1,2021-11-07T04:00:00.000Z,04:00:00.000Z,2021-11-07T04:00:00.000Z
236,2021-11-08,2,2021-11-08T05:00:00.000Z,05:00:00.000Z,2021-11-08T05:00:00.000Z
237,2021-11-09,7,2021-11-09T05:00:00.000Z,05:00:00.000Z,2021-11-09T05:00:00.000Z
238,2021-11-10,6,2021-11-10T05:00:00.000Z,05:00:00.000Z,2021-11-10T05:00:00.000Z
239,2021-11-11,1,2021-11-11T05:00:00.000Z,05:00:00.000Z,2021-11-11T05:00:00.000Z
240,2021-11-13,1,2021-11-13T05:00:00.000Z,05:00:00.000Z,2021-11-13T05:00:00.000Z
241,2021-11-14,1,2021-11-14T05:00:00.000Z,05:00:00.000Z,2021-11-14T05:00:00.000Z
242,2021-11-15,2,2021-11-15T05:00:00.000Z,05:00:00.000Z,2021-11-15T05:00:00.000Z
243,2021-11-16,9,2021-11-16T05:00:00.000Z,05:00:00.000Z,2021-11-16T05:00:00.000Z
244,2021-11-17,7,2021-11-17T05:00:00.000Z,05:00:00.000Z,2021-11-17T05:00:00.000Z
245,2021-11-18,6,2021-11-18T05:00:00.000Z,05:00:00.000Z,2021-11-18T05:00:00.000Z
246,2021-11-19,3,2021-11-19T05:00:00.000Z,05:00:00.000Z,2021-11-19T05:00:00.000Z
247,2021-11-20,6,2021-11-20T05:00:00.000Z,05:00:00.000Z,2021-11-20T05:00:00.000Z
248,2021-11-21,3,2021-11-21T05:00:00.000Z,05:00:00.000Z,2021-11-21T05:00:00.000Z
249,2021-11-22,5,2021-11-22T05:00:00.000Z,05:00:00.000Z,2021-11-22T05:00:00.000Z
250,2021-11-23,3,2021-11-23T05:00:00.000Z,05:00:00.000Z,2021-11-23T05:00:00.000Z
251,2021-11-28,1,2021-11-28T05:00:00.000Z,05:00:00.000Z,2021-11-28T05:00:00.000Z
252,2021-11-29,1,2021-11-29T05:00:00.000Z,05:00:00.000Z,2021-11-29T05:00:00.000Z
253,2021-11-30,2,2021-11-30T05:00:00.000Z,05:00:00.000Z,2021-11-30T05:00:00.000Z
254,2021-12-01,5,2021-12-01T05:00:00.000Z,05:00:00.000Z,2021-12-01T05:00:00.000Z
255,2021-12-02,3,2021-12-02T05:00:00.000Z,05:00:00.000Z,2021-12-02T05:00:00.000Z
256,2021-12-03,2,2021-12-03T05:00:00.000Z,05:00:00.000Z,2021-12-03T05:00:00.000Z
257,2021-12-04,3,2021-12-04T05:00:00.000Z,05:00:00.000Z,2021-12-04T05:00:00.000Z
258,2021-12-05,4,2021-12-05T05:00:00.000Z,05:00:00.000Z,2021-12-05T05:00:00.000Z
259,2021-12-06,3,2021-12-06T05:00:00.000Z,05:00:00.000Z,2021-12-06T05:00:00.000Z
260,2021-12-08,6,2021-12-08T05:00:00.000Z,05:00:00.000Z,2021-12-08T05:00:00.000Z
261,2021-12-09,3,2021-12-09T05:00:00.000Z,05:00:00.000Z,2021-12-09T05:00:00.000Z
262,2021-12-10,1,2021-12-10T05:00:00.000Z,05:00:00.000Z,2021-12-10T05:00:00.000Z
263,2021-12-11,2,2021-12-11T05:00:00.000Z,05:00:00.000Z,2021-12-11T05:00:00.000Z
264,2021-12-12,1,2021-12-12T05:00:00.000Z,05:00:00.000Z,2021-12-12T05:00:00.000Z
265,2021-12-13,5,2021-12-13T05:00:00.000Z,05:00:00.000Z,2021-12-13T05:00:00.000Z
266,2021-12-14,10,2021-12-14T05:00:00.000Z,05:00:00.000Z,2021-12-14T05:00:00.000Z
267,2021-12-15,7,2021-12-15T05:00:00.000Z,05:00:00.000Z,2021-12-15T05:00:00.000Z
268,2021-12-16,8,2021-12-16T05:00:00.000Z,05:00:00.000Z,2021-12-16T05:00:00.000Z
269,2021-12-18,1,2021-12-18T05:00:00.000Z,05:00:00.000Z,2021-12-18T05:00:00.000Z
270,2021-12-19,1,2021-12-19T05:00:00.000Z,05:00:00.000Z,2021-12-19T05:00:00.000Z
271,2021-12-20,2,2021-12-20T05:00:00.000Z,05:00:00.000Z,2021-12-20T05:00:00.000Z
272,2021-12-21,2,2021-12-21T05:00:00.000Z,05:00:00.000Z,2021-12-21T05:00:00.000Z
273,2021-12-22,2,2021-12-22T05:00:00.000Z,05:00:00.000Z,2021-12-22T05:00:00.000Z
274,2021-12-28,1,2021-12-28T05:00:00.000Z,05:00:00.000Z,2021-12-28T05:00:00.000Z
275,2021-12-29,1,2021-12-29T05:00:00.000Z,05:00:00.000Z,2021-12-29T05:00:00.000Z
276,2022-01-03,1,2022-01-03T05:00:00.000Z,05:00:00.000Z,2022-01-03T05:00:00.000Z
277,2022-01-05,2,2022-01-05T05:00:00.000Z,05:00:00.000Z,2022-01-05T05:00:00.000Z
278,2022-01-06,3,2022-01-06T05:00:00.000Z,05:00:00.000Z,2022-01-06T05:00:00.000Z
279,2022-01-10,1,2022-01-10T05:00:00.000Z,05:00:00.000Z,2022-01-10T05:00:00.000Z
280,2022-01-11,4,2022-01-11T05:00:00.000Z,05:00:00.000Z,2022-01-11T05:00:00.000Z
281,2022-01-12,3,2022-01-12T05:00:00.000Z,05:00:00.000Z,2022-01-12T05:00:00.000Z
282,2022-01-13,2,2022-01-13T05:00:00.000Z,05:00:00.000Z,2022-01-13T05:00:00.000Z
283,2022-01-14,1,2022-01-14T05:00:00.000Z,05:00:00.000Z,2022-01-14T05:00:00.000Z
284,2022-01-16,1,2022-01-16T05:00:00.000Z,05:00:00.000Z,2022-01-16T05:00:00.000Z
285,2022-01-17,2,2022-01-17T05:00:00.000Z,05:00:00.000Z,2022-01-17T05:00:00.000Z
286,2022-01-18,4,2022-01-18T05:00:00.000Z,05:00:00.000Z,2022-01-18T05:00:00.000Z
287,2022-01-19,7,2022-01-19T05:00:00.000Z,05:00:00.000Z,2022-01-19T05:00:00.000Z
288,2022-01-20,1,2022-01-20T05:00:00.000Z,05:00:00.000Z,2022-01-20T05:00:00.000Z
289,2022-01-22,2,2022-01-22T05:00:00.000Z,05:00:00.000Z,2022-01-22T05:00:00.000Z
290,2022-01-24,3,2022-01-24T05:00:00.000Z,05:00:00.000Z,2022-01-24T05:00:00.000Z
291,2022-01-25,5,2022-01-25T05:00:00.000Z,05:00:00.000Z,2022-01-25T05:00:00.000Z
292,2022-01-26,3,2022-01-26T05:00:00.000Z,05:00:00.000Z,2022-01-26T05:00:00.000Z
293,2022-01-27,1,2022-01-27T05:00:00.000Z,05:00:00.000Z,2022-01-27T05:00:00.000Z
294,2022-01-30,1,2022-01-30T05:00:00.000Z,05:00:00.000Z,2022-01-30T05:00:00.000Z
295,2022-01-31,1,2022-01-31T05:00:00.000Z,05:00:00.000Z,2022-01-31T05:00:00.000Z
296,2022-02-01,1,2022-02-01T05:00:00.000Z,05:00:00.000Z,2022-02-01T05:00:00.000Z
297,2022-02-02,2,2022-02-02T05:00:00.000Z,05:00:00.000Z,2022-02-02T05:00:00.000Z
298,2022-02-03,5,2022-02-03T05:00:00.000Z,05:00:00.000Z,2022-02-03T05:00:00.000Z
299,2022-02-04,1,2022-02-04T05:00:00.000Z,05:00:00.000Z,2022-02-04T05:00:00.000Z
300,2022-02-05,1,2022-02-05T05:00:00.000Z,05:00:00.000Z,2022-02-05T05:00:00.000Z
301,2022-02-06,2,2022-02-06T05:00:00.000Z,05:00:00.000Z,2022-02-06T05:00:00.000Z
302,2022-02-07,2,2022-02-07T05:00:00.000Z,05:00:00.000Z,2022-02-07T05:00:00.000Z
303,2022-02-08,5,2022-02-08T05:00:00.000Z,05:00:00.000Z,2022-02-08T05:00:00.000Z
304,2022-02-09,7,2022-02-09T05:00:00.000Z,05:00:00.000Z,2022-02-09T05:00:00.000Z
305,2022-02-10,2,2022-02-10T05:00:00.000Z,05:00:00.000Z,2022-02-10T05:00:00.000Z
306,2022-02-12,1,2022-02-12T05:00:00.000Z,05:00:00.000Z,2022-02-12T05:00:00.000Z
307,2022-02-14,2,2022-02-14T05:00:00.000Z,05:00:00.000Z,2022-02-14T05:00:00.000Z
308,2022-02-15,5,2022-02-15T05:00:00.000Z,05:00:00.000Z,2022-02-15T05:00:00.000Z
309,2022-02-16,3,2022-02-16T05:00:00.000Z,05:00:00.000Z,2022-02-16T05:00:00.000Z
310,2022-02-17,1,2022-02-17T05:00:00.000Z,05:00:00.000Z,2022-02-17T05:00:00.000Z
311,2022-02-18,1,2022-02-18T05:00:00.000Z,05:00:00.000Z,2022-02-18T05:00:00.000Z
312,2022-02-21,2,2022-02-21T05:00:00.000Z,05:00:00.000Z,2022-02-21T05:00:00.000Z
313,2022-02-22,1,2022-02-22T05:00:00.000Z,05:00:00.000Z,2022-02-22T05:00:00.000Z
314,2022-02-23,2,2022-02-23T05:00:00.000Z,05:00:00.000Z,2022-02-23T05:00:00.000Z
315,2022-02-24,4,2022-02-24T05:00:00.000Z,05:00:00.000Z,2022-02-24T05:00:00.000Z
316,2022-02-27,7,2022-02-27T05:00:00.000Z,05:00:00.000Z,2022-02-27T05:00:00.000Z
317,2022-02-28,1,2022-02-28T05:00:00.000Z,05:00:00.000Z,2022-02-28T05:00:00.000Z
318,2022-03-01,4,2022-03-01T05:00:00.000Z,05:00:00.000Z,2022-03-01T05:00:00.000Z
319,2022-03-02,1,2022-03-02T05:00:00.000Z,05:00:00.000Z,2022-03-02T05:00:00.000Z
320,2022-03-03,5,2022-03-03T05:00:00.000Z,05:00:00.000Z,2022-03-03T05:00:00.000Z
321,2022-03-04,1,2022-03-04T05:00:00.000Z,05:00:00.000Z,2022-03-04T05:00:00.000Z
322,2022-03-05,1,2022-03-05T05:00:00.000Z,05:00:00.000Z,2022-03-05T05:00:00.000Z
323,2022-03-06,2,2022-03-06T05:00:00.000Z,05:00:00.000Z,2022-03-06T05:00:00.000Z
324,2022-03-07,3,2022-03-07T05:00:00.000Z,05:00:00.000Z,2022-03-07T05:00:00.000Z
325,2022-03-08,5,2022-03-08T05:00:00.000Z,05:00:00.000Z,2022-03-08T05:00:00.000Z
326,2022-03-09,4,2022-03-09T05:00:00.000Z,05:00:00.000Z,2022-03-09T05:00:00.000Z
327,2022-03-10,4,2022-03-10T05:00:00.000Z,05:00:00.000Z,2022-03-10T05:00:00.000Z
328,2022-03-12,2,2022-03-12T05:00:00.000Z,05:00:00.000Z,2022-03-12T05:00:00.000Z
329,2022-03-13,2,2022-03-13T05:00:00.000Z,05:00:00.000Z,2022-03-13T05:00:00.000Z
330,2022-03-14,3,2022-03-14T04:00:00.000Z,04:00:00.000Z,2022-03-14T04:00:00.000Z
331,2022-03-15,5,2022-03-15T04:00:00.000Z,04:00:00.000Z,2022-03-15T04:00:00.000Z
332,2022-03-16,5,2022-03-16T04:00:00.000Z,04:00:00.000Z,2022-03-16T04:00:00.000Z
333,2022-03-17,1,2022-03-17T04:00:00.000Z,04:00:00.000Z,2022-03-17T04:00:00.000Z
334,2022-03-19,2,2022-03-19T04:00:00.000Z,04:00:00.000Z,2022-03-19T04:00:00.000Z
335,2022-03-20,1,2022-03-20T04:00:00.000Z,04:00:00.000Z,2022-03-20T04:00:00.000Z
336,2022-03-21,2,2022-03-21T04:00:00.000Z,04:00:00.000Z,2022-03-21T04:00:00.000Z
337,2022-03-22,2,2022-03-22T04:00:00.000Z,04:00:00.000Z,2022-03-22T04:00:00.000Z
338,2022-03-23,4,2022-03-23T04:00:00.000Z,04:00:00.000Z,2022-03-23T04:00:00.000Z
339,2022-03-24,2,2022-03-24T04:00:00.000Z,04:00:00.000Z,2022-03-24T04:00:00.000Z
340,2022-03-26,1,2022-03-26T04:00:00.000Z,04:00:00.000Z,2022-03-26T04:00:00.000Z
341,2022-03-27,2,2022-03-27T04:00:00.000Z,04:00:00.000Z,2022-03-27T04:00:00.000Z
342,2022-03-28,1,2022-03-28T04:00:00.000Z,04:00:00.000Z,2022-03-28T04:00:00.000Z
343,2022-03-29,4,2022-03-29T04:00:00.000Z,04:00:00.000Z,2022-03-29T04:00:00.000Z
344,2022-03-30,5,2022-03-30T04:00:00.000Z,04:00:00.000Z,2022-03-30T04:00:00.000Z
345,2022-03-31,3,2022-03-31T04:00:00.000Z,04:00:00.000Z,2022-03-31T04:00:00.000Z
346,2022-04-01,1,2022-04-01T04:00:00.000Z,04:00:00.000Z,2022-04-01T04:00:00.000Z
347,2022-04-04,1,2022-04-04T04:00:00.000Z,04:00:00.000Z,2022-04-04T04:00:00.000Z
348,2022-04-05,2,2022-04-05T04:00:00.000Z,04:00:00.000Z,2022-04-05T04:00:00.000Z
349,2022-04-06,2,2022-04-06T04:00:00.000Z,04:00:00.000Z,2022-04-06T04:00:00.000Z
350,2022-04-07,4,2022-04-07T04:00:00.000Z,04:00:00.000Z,2022-04-07T04:00:00.000Z
351,2022-04-08,3,2022-04-08T04:00:00.000Z,04:00:00.000Z,2022-04-08T04:00:00.000Z
352,2022-04-09,1,2022-04-09T04:00:00.000Z,04:00:00.000Z,2022-04-09T04:00:00.000Z
353,2022-04-11,1,2022-04-11T04:00:00.000Z,04:00:00.000Z,2022-04-11T04:00:00.000Z
354,2022-04-12,3,2022-04-12T04:00:00.000Z,04:00:00.000Z,2022-04-12T04:00:00.000Z
355,2022-04-13,4,2022-04-13T04:00:00.000Z,04:00:00.000Z,2022-04-13T04:00:00.000Z
356,2022-04-14,3,2022-04-14T04:00:00.000Z,04:00:00.000Z,2022-04-14T04:00:00.000Z
357,2022-04-15,1,2022-04-15T04:00:00.000Z,04:00:00.000Z,2022-04-15T04:00:00.000Z
358,2022-04-16,1,2022-04-16T04:00:00.000Z,04:00:00.000Z,2022-04-16T04:00:00.000Z
359,2022-04-18,2,2022-04-18T04:00:00.000Z,04:00:00.000Z,2022-04-18T04:00:00.000Z
360,2022-04-19,4,2022-04-19T04:00:00.000Z,04:00:00.000Z,2022-04-19T04:00:00.000Z
361,2022-04-20,3,2022-04-20T04:00:00.000Z,04:00:00.000Z,2022-04-20T04:00:00.000Z
362,2022-04-21,6,2022-04-21T04:00:00.000Z,04:00:00.000Z,2022-04-21T04:00:00.000Z
363,2022-04-22,2,2022-04-22T04:00:00.000Z,04:00:00.000Z,2022-04-22T04:00:00.000Z
364,2022-04-23,3,2022-04-23T04:00:00.000Z,04:00:00.000Z,2022-04-23T04:00:00.000Z
365,2022-04-24,2,2022-04-24T04:00:00.000Z,04:00:00.000Z,2022-04-24T04:00:00.000Z
366,2022-04-25,1,2022-04-25T04:00:00.000Z,04:00:00.000Z,2022-04-25T04:00:00.000Z
367,2022-04-26,7,2022-04-26T04:00:00.000Z,04:00:00.000Z,2022-04-26T04:00:00.000Z
368,2022-04-27,5,2022-04-27T04:00:00.000Z,04:00:00.000Z,2022-04-27T04:00:00.000Z
369,2022-04-28,1,2022-04-28T04:00:00.000Z,04:00:00.000Z,2022-04-28T04:00:00.000Z
370,2022-04-29,1,2022-04-29T04:00:00.000Z,04:00:00.000Z,2022-04-29T04:00:00.000Z
371,2022-04-30,1,2022-04-30T04:00:00.000Z,04:00:00.000Z,2022-04-30T04:00:00.000Z
372,2022-05-02,4,2022-05-02T04:00:00.000Z,04:00:00.000Z,2022-05-02T04:00:00.000Z
373,2022-05-03,3,2022-05-03T04:00:00.000Z,04:00:00.000Z,2022-05-03T04:00:00.000Z
374,2022-05-04,3,2022-05-04T04:00:00.000Z,04:00:00.000Z,2022-05-04T04:00:00.000Z
375,2022-05-05,3,2022-05-05T04:00:00.000Z,04:00:00.000Z,2022-05-05T04:00:00.000Z
376,2022-05-06,1,2022-05-06T04:00:00.000Z,04:00:00.000Z,2022-05-06T04:00:00.000Z
377,2022-05-07,1,2022-05-07T04:00:00.000Z,04:00:00.000Z,2022-05-07T04:00:00.000Z
378,2022-05-09,1,2022-05-09T04:00:00.000Z,04:00:00.000Z,2022-05-09T04:00:00.000Z
379,2022-05-10,4,2022-05-10T04:00:00.000Z,04:00:00.000Z,2022-05-10T04:00:00.000Z
380,2022-05-11,6,2022-05-11T04:00:00.000Z,04:00:00.000Z,2022-05-11T04:00:00.000Z
381,2022-05-12,5,2022-05-12T04:00:00.000Z,04:00:00.000Z,2022-05-12T04:00:00.000Z
382,2022-05-14,3,2022-05-14T04:00:00.000Z,04:00:00.000Z,2022-05-14T04:00:00.000Z
383,2022-05-15,3,2022-05-15T04:00:00.000Z,04:00:00.000Z,2022-05-15T04:00:00.000Z
384,2022-05-16,2,2022-05-16T04:00:00.000Z,04:00:00.000Z,2022-05-16T04:00:00.000Z
385,2022-05-17,4,2022-05-17T04:00:00.000Z,04:00:00.000Z,2022-05-17T04:00:00.000Z
386,2022-05-18,8,2022-05-18T04:00:00.000Z,04:00:00.000Z,2022-05-18T04:00:00.000Z
387,2022-05-19,1,2022-05-19T04:00:00.000Z,04:00:00.000Z,2022-05-19T04:00:00.000Z
388,2022-05-21,4,2022-05-21T04:00:00.000Z,04:00:00.000Z,2022-05-21T04:00:00.000Z
389,2022-05-22,3,2022-05-22T04:00:00.000Z,04:00:00.000Z,2022-05-22T04:00:00.000Z
390,2022-05-23,2,2022-05-23T04:00:00.000Z,04:00:00.000Z,2022-05-23T04:00:00.000Z
391,2022-05-24,3,2022-05-24T04:00:00.000Z,04:00:00.000Z,2022-05-24T04:00:00.000Z
392,2022-05-25,3,2022-05-25T04:00:00.000Z,04:00:00.000Z,2022-05-25T04:00:00.000Z
393,2022-05-26,4,2022-05-26T04:00:00.000Z,04:00:00.000Z,2022-05-26T04:00:00.000Z
394,2022-05-27,1,2022-05-27T04:00:00.000Z,04:00:00.000Z,2022-05-27T04:00:00.000Z
395,2022-05-29,1,2022-05-29T04:00:00.000Z,04:00:00.000Z,2022-05-29T04:00:00.000Z
396,2022-05-30,4,2022-05-30T04:00:00.000Z,04:00:00.000Z,2022-05-30T04:00:00.000Z
397,2022-05-31,2,2022-05-31T04:00:00.000Z,04:00:00.000Z,2022-05-31T04:00:00.000Z
398,2022-06-01,2,2022-06-01T04:00:00.000Z,04:00:00.000Z,2022-06-01T04:00:00.000Z
399,2022-06-02,3,2022-06-02T04:00:00.000Z,04:00:00.000Z,2022-06-02T04:00:00.000Z
400,2022-06-04,2,2022-06-04T04:00:00.000Z,04:00:00.000Z,2022-06-04T04:00:00.000Z
401,2022-06-05,2,2022-06-05T04:00:00.000Z,04:00:00.000Z,2022-06-05T04:00:00.000Z
402,2022-06-06,1,2022-06-06T04:00:00.000Z,04:00:00.000Z,2022-06-06T04:00:00.000Z
403,2022-06-07,2,2022-06-07T04:00:00.000Z,04:00:00.000Z,2022-06-07T04:00:00.000Z
404,2022-06-08,5,2022-06-08T04:00:00.000Z,04:00:00.000Z,2022-06-08T04:00:00.000Z
405,2022-06-09,3,2022-06-09T04:00:00.000Z,04:00:00.000Z,2022-06-09T04:00:00.000Z
406,2022-06-11,4,2022-06-11T04:00:00.000Z,04:00:00.000Z,2022-06-11T04:00:00.000Z
407,2022-06-13,2,2022-06-13T04:00:00.000Z,04:00:00.000Z,2022-06-13T04:00:00.000Z
408,2022-06-14,5,2022-06-14T04:00:00.000Z,04:00:00.000Z,2022-06-14T04:00:00.000Z
409,2022-06-15,6,2022-06-15T04:00:00.000Z,04:00:00.000Z,2022-06-15T04:00:00.000Z
410,2022-06-16,2,2022-06-16T04:00:00.000Z,04:00:00.000Z,2022-06-16T04:00:00.000Z
411,2022-06-17,2,2022-06-17T04:00:00.000Z,04:00:00.000Z,2022-06-17T04:00:00.000Z
412,2022-06-18,3,2022-06-18T04:00:00.000Z,04:00:00.000Z,2022-06-18T04:00:00.000Z
413,2022-06-19,1,2022-06-19T04:00:00.000Z,04:00:00.000Z,2022-06-19T04:00:00.000Z
414,2022-06-21,6,2022-06-21T04:00:00.000Z,04:00:00.000Z,2022-06-21T04:00:00.000Z
415,2022-06-22,1,2022-06-22T04:00:00.000Z,04:00:00.000Z,2022-06-22T04:00:00.000Z
416,2022-06-24,1,2022-06-24T04:00:00.000Z,04:00:00.000Z,2022-06-24T04:00:00.000Z
417,2022-06-25,4,2022-06-25T04:00:00.000Z,04:00:00.000Z,2022-06-25T04:00:00.000Z
418,2022-06-27,1,2022-06-27T04:00:00.000Z,04:00:00.000Z,2022-06-27T04:00:00.000Z
419,2022-06-28,6,2022-06-28T04:00:00.000Z,04:00:00.000Z,2022-06-28T04:00:00.000Z
420,2022-06-29,3,2022-06-29T04:00:00.000Z,04:00:00.000Z,2022-06-29T04:00:00.000Z
421,2022-06-30,4,2022-06-30T04:00:00.000Z,04:00:00.000Z,2022-06-30T04:00:00.000Z
422,2022-07-01,1,2022-07-01T04:00:00.000Z,04:00:00.000Z,2022-07-01T04:00:00.000Z
423,2022-07-06,1,2022-07-06T04:00:00.000Z,04:00:00.000Z,2022-07-06T04:00:00.000Z
424,2022-07-07,2,2022-07-07T04:00:00.000Z,04:00:00.000Z,2022-07-07T04:00:00.000Z
425,2022-07-09,2,2022-07-09T04:00:00.000Z,04:00:00.000Z,2022-07-09T04:00:00.000Z
426,2022-07-11,2,2022-07-11T04:00:00.000Z,04:00:00.000Z,2022-07-11T04:00:00.000Z
427,2022-07-13,3,2022-07-13T04:00:00.000Z,04:00:00.000Z,2022-07-13T04:00:00.000Z
428,2022-07-14,2,2022-07-14T04:00:00.000Z,04:00:00.000Z,2022-07-14T04:00:00.000Z
429,2022-07-16,3,2022-07-16T04:00:00.000Z,04:00:00.000Z,2022-07-16T04:00:00.000Z
430,2022-07-17,1,2022-07-17T04:00:00.000Z,04:00:00.000Z,2022-07-17T04:00:00.000Z
431,2022-07-18,1,2022-07-18T04:00:00.000Z,04:00:00.000Z,2022-07-18T04:00:00.000Z
432,2022-07-20,2,2022-07-20T04:00:00.000Z,04:00:00.000Z,2022-07-20T04:00:00.000Z
433,2022-07-22,1,2022-07-22T04:00:00.000Z,04:00:00.000Z,2022-07-22T04:00:00.000Z
434,2022-07-23,2,2022-07-23T04:00:00.000Z,04:00:00.000Z,2022-07-23T04:00:00.000Z
435,2022-07-26,1,2022-07-26T04:00:00.000Z,04:00:00.000Z,2022-07-26T04:00:00.000Z
436,2022-07-27,1,2022-07-27T04:00:00.000Z,04:00:00.000Z,2022-07-27T04:00:00.000Z
437,2022-07-28,1,2022-07-28T04:00:00.000Z,04:00:00.000Z,2022-07-28T04:00:00.000Z
438,2022-07-30,2,2022-07-30T04:00:00.000Z,04:00:00.000Z,2022-07-30T04:00:00.000Z
439,2022-08-02,17,2022-08-02T04:00:00.000Z,04:00:00.000Z,2022-08-02T04:00:00.000Z
440,2022-08-04,1,2022-08-04T04:00:00.000Z,04:00:00.000Z,2022-08-04T04:00:00.000Z
441,2022-08-08,1,2022-08-08T04:00:00.000Z,04:00:00.000Z,2022-08-08T04:00:00.000Z
442,2022-08-10,2,2022-08-10T04:00:00.000Z,04:00:00.000Z,2022-08-10T04:00:00.000Z
443,2022-08-11,2,2022-08-11T04:00:00.000Z,04:00:00.000Z,2022-08-11T04:00:00.000Z
444,2022-08-12,1,2022-08-12T04:00:00.000Z,04:00:00.000Z,2022-08-12T04:00:00.000Z
445,2022-08-13,2,2022-08-13T04:00:00.000Z,04:00:00.000Z,2022-08-13T04:00:00.000Z
446,2022-08-14,3,2022-08-14T04:00:00.000Z,04:00:00.000Z,2022-08-14T04:00:00.000Z
447,2022-08-15,1,2022-08-15T04:00:00.000Z,04:00:00.000Z,2022-08-15T04:00:00.000Z
448,2022-08-16,1,2022-08-16T04:00:00.000Z,04:00:00.000Z,2022-08-16T04:00:00.000Z
449,2022-08-18,1,2022-08-18T04:00:00.000Z,04:00:00.000Z,2022-08-18T04:00:00.000Z
450,2022-08-20,3,2022-08-20T04:00:00.000Z,04:00:00.000Z,2022-08-20T04:00:00.000Z
451,2022-08-24,3,2022-08-24T04:00:00.000Z,04:00:00.000Z,2022-08-24T04:00:00.000Z
452,2022-08-25,1,2022-08-25T04:00:00.000Z,04:00:00.000Z,2022-08-25T04:00:00.000Z
453,2022-08-26,3,2022-08-26T04:00:00.000Z,04:00:00.000Z,2022-08-26T04:00:00.000Z
454,2022-08-27,5,2022-08-27T04:00:00.000Z,04:00:00.000Z,2022-08-27T04:00:00.000Z
455,2022-08-30,1,2022-08-30T04:00:00.000Z,04:00:00.000Z,2022-08-30T04:00:00.000Z
456,2022-09-01,2,2022-09-01T04:00:00.000Z,04:00:00.000Z,2022-09-01T04:00:00.000Z
457,2022-09-02,1,2022-09-02T04:00:00.000Z,04:00:00.000Z,2022-09-02T04:00:00.000Z
458,2022-09-04,1,2022-09-04T04:00:00.000Z,04:00:00.000Z,2022-09-04T04:00:00.000Z
459,2022-09-06,1,2022-09-06T04:00:00.000Z,04:00:00.000Z,2022-09-06T04:00:00.000Z
460,2022-09-07,1,2022-09-07T04:00:00.000Z,04:00:00.000Z,2022-09-07T04:00:00.000Z
461,2022-09-08,3,2022-09-08T04:00:00.000Z,04:00:00.000Z,2022-09-08T04:00:00.000Z
462,2022-09-10,3,2022-09-10T04:00:00.000Z,04:00:00.000Z,2022-09-10T04:00:00.000Z
463,2022-09-11,4,2022-09-11T04:00:00.000Z,04:00:00.000Z,2022-09-11T04:00:00.000Z
464,2022-09-12,3,2022-09-12T04:00:00.000Z,04:00:00.000Z,2022-09-12T04:00:00.000Z
465,2022-09-13,6,2022-09-13T04:00:00.000Z,04:00:00.000Z,2022-09-13T04:00:00.000Z
466,2022-09-14,4,2022-09-14T04:00:00.000Z,04:00:00.000Z,2022-09-14T04:00:00.000Z
467,2022-09-15,2,2022-09-15T04:00:00.000Z,04:00:00.000Z,2022-09-15T04:00:00.000Z
468,2022-09-17,2,2022-09-17T04:00:00.000Z,04:00:00.000Z,2022-09-17T04:00:00.000Z
469,2022-09-18,3,2022-09-18T04:00:00.000Z,04:00:00.000Z,2022-09-18T04:00:00.000Z
470,2022-09-19,1,2022-09-19T04:00:00.000Z,04:00:00.000Z,2022-09-19T04:00:00.000Z
471,2022-09-20,5,2022-09-20T04:00:00.000Z,04:00:00.000Z,2022-09-20T04:00:00.000Z
472,2022-09-21,5,2022-09-21T04:00:00.000Z,04:00:00.000Z,2022-09-21T04:00:00.000Z
473,2022-09-22,2,2022-09-22T04:00:00.000Z,04:00:00.000Z,2022-09-22T04:00:00.000Z
474,2022-09-23,4,2022-09-23T04:00:00.000Z,04:00:00.000Z,2022-09-23T04:00:00.000Z
475,2022-09-24,2,2022-09-24T04:00:00.000Z,04:00:00.000Z,2022-09-24T04:00:00.000Z
476,2022-09-27,4,2022-09-27T04:00:00.000Z,04:00:00.000Z,2022-09-27T04:00:00.000Z
477,2022-09-28,4,2022-09-28T04:00:00.000Z,04:00:00.000Z,2022-09-28T04:00:00.000Z
478,2022-09-29,2,2022-09-29T04:00:00.000Z,04:00:00.000Z,2022-09-29T04:00:00.000Z
479,2022-10-02,2,2022-10-02T04:00:00.000Z,04:00:00.000Z,2022-10-02T04:00:00.000Z
480,2022-10-03,6,2022-10-03T04:00:00.000Z,04:00:00.000Z,2022-10-03T04:00:00.000Z
481,2022-10-04,1,2022-10-04T04:00:00.000Z,04:00:00.000Z,2022-10-04T04:00:00.000Z
482,2022-10-06,3,2022-10-06T04:00:00.000Z,04:00:00.000Z,2022-10-06T04:00:00.000Z
483,2022-10-07,1,2022-10-07T04:00:00.000Z,04:00:00.000Z,2022-10-07T04:00:00.000Z
484,2022-10-08,3,2022-10-08T04:00:00.000Z,04:00:00.000Z,2022-10-08T04:00:00.000Z
485,2022-10-11,5,2022-10-11T04:00:00.000Z,04:00:00.000Z,2022-10-11T04:00:00.000Z
486,2022-10-12,6,2022-10-12T04:00:00.000Z,04:00:00.000Z,2022-10-12T04:00:00.000Z
487,2022-10-13,2,2022-10-13T04:00:00.000Z,04:00:00.000Z,2022-10-13T04:00:00.000Z
488,2022-10-14,1,2022-10-14T04:00:00.000Z,04:00:00.000Z,2022-10-14T04:00:00.000Z
489,2022-10-16,2,2022-10-16T04:00:00.000Z,04:00:00.000Z,2022-10-16T04:00:00.000Z
490,2022-10-17,2,2022-10-17T04:00:00.000Z,04:00:00.000Z,2022-10-17T04:00:00.000Z
491,2022-10-18,5,2022-10-18T04:00:00.000Z,04:00:00.000Z,2022-10-18T04:00:00.000Z
492,2022-10-19,6,2022-10-19T04:00:00.000Z,04:00:00.000Z,2022-10-19T04:00:00.000Z
493,2022-10-20,4,2022-10-20T04:00:00.000Z,04:00:00.000Z,2022-10-20T04:00:00.000Z
494,2022-10-21,1,2022-10-21T04:00:00.000Z,04:00:00.000Z,2022-10-21T04:00:00.000Z
495,2022-10-22,2,2022-10-22T04:00:00.000Z,04:00:00.000Z,2022-10-22T04:00:00.000Z
496,2022-10-24,5,2022-10-24T04:00:00.000Z,04:00:00.000Z,2022-10-24T04:00:00.000Z
497,2022-10-25,5,2022-10-25T04:00:00.000Z,04:00:00.000Z,2022-10-25T04:00:00.000Z
498,2022-10-26,7,2022-10-26T04:00:00.000Z,04:00:00.000Z,2022-10-26T04:00:00.000Z
499,2022-10-27,5,2022-10-27T04:00:00.000Z,04:00:00.000Z,2022-10-27T04:00:00.000Z
500,2022-10-28,2,2022-10-28T04:00:00.000Z,04:00:00.000Z,2022-10-28T04:00:00.000Z
501,2022-10-29,1,2022-10-29T04:00:00.000Z,04:00:00.000Z,2022-10-29T04:00:00.000Z
502,2022-10-30,3,2022-10-30T04:00:00.000Z,04:00:00.000Z,2022-10-30T04:00:00.000Z
503,2022-11-01,5,2022-11-01T04:00:00.000Z,04:00:00.000Z,2022-11-01T04:00:00.000Z
504,2022-11-02,1,2022-11-02T04:00:00.000Z,04:00:00.000Z,2022-11-02T04:00:00.000Z
505,2022-11-03,4,2022-11-03T04:00:00.000Z,04:00:00.000Z,2022-11-03T04:00:00.000Z
506,2022-11-04,1,2022-11-04T04:00:00.000Z,04:00:00.000Z,2022-11-04T04:00:00.000Z
507,2022-11-05,2,2022-11-05T04:00:00.000Z,04:00:00.000Z,2022-11-05T04:00:00.000Z
508,2022-11-07,3,2022-11-07T05:00:00.000Z,05:00:00.000Z,2022-11-07T05:00:00.000Z
509,2022-11-09,6,2022-11-09T05:00:00.000Z,05:00:00.000Z,2022-11-09T05:00:00.000Z
510,2022-11-10,4,2022-11-10T05:00:00.000Z,05:00:00.000Z,2022-11-10T05:00:00.000Z
511,2022-11-12,2,2022-11-12T05:00:00.000Z,05:00:00.000Z,2022-11-12T05:00:00.000Z
512,2022-11-14,1,2022-11-14T05:00:00.000Z,05:00:00.000Z,2022-11-14T05:00:00.000Z
513,2022-11-15,5,2022-11-15T05:00:00.000Z,05:00:00.000Z,2022-11-15T05:00:00.000Z
514,2022-11-16,6,2022-11-16T05:00:00.000Z,05:00:00.000Z,2022-11-16T05:00:00.000Z
515,2022-11-17,4,2022-11-17T05:00:00.000Z,05:00:00.000Z,2022-11-17T05:00:00.000Z
516,2022-11-18,1,2022-11-18T05:00:00.000Z,05:00:00.000Z,2022-11-18T05:00:00.000Z
517,2022-11-19,2,2022-11-19T05:00:00.000Z,05:00:00.000Z,2022-11-19T05:00:00.000Z
518,2022-11-21,2,2022-11-21T05:00:00.000Z,05:00:00.000Z,2022-11-21T05:00:00.000Z
519,2022-11-22,1,2022-11-22T05:00:00.000Z,05:00:00.000Z,2022-11-22T05:00:00.000Z
520,2022-11-29,3,2022-11-29T05:00:00.000Z,05:00:00.000Z,2022-11-29T05:00:00.000Z
521,2022-11-30,5,2022-11-30T05:00:00.000Z,05:00:00.000Z,2022-11-30T05:00:00.000Z
522,2022-12-01,2,2022-12-01T05:00:00.000Z,05:00:00.000Z,2022-12-01T05:00:00.000Z
523,2022-12-02,2,2022-12-02T05:00:00.000Z,05:00:00.000Z,2022-12-02T05:00:00.000Z
524,2022-12-03,3,2022-12-03T05:00:00.000Z,05:00:00.000Z,2022-12-03T05:00:00.000Z
525,2022-12-05,3,2022-12-05T05:00:00.000Z,05:00:00.000Z,2022-12-05T05:00:00.000Z
526,2022-12-06,3,2022-12-06T05:00:00.000Z,05:00:00.000Z,2022-12-06T05:00:00.000Z
527,2022-12-07,1,2022-12-07T05:00:00.000Z,05:00:00.000Z,2022-12-07T05:00:00.000Z
528,2022-12-08,3,2022-12-08T05:00:00.000Z,05:00:00.000Z,2022-12-08T05:00:00.000Z
529,2022-12-09,2,2022-12-09T05:00:00.000Z,05:00:00.000Z,2022-12-09T05:00:00.000Z
530,2022-12-10,3,2022-12-10T05:00:00.000Z,05:00:00.000Z,2022-12-10T05:00:00.000Z
531,2022-12-11,4,2022-12-11T05:00:00.000Z,05:00:00.000Z,2022-12-11T05:00:00.000Z
532,2022-12-12,1,2022-12-12T05:00:00.000Z,05:00:00.000Z,2022-12-12T05:00:00.000Z
533,2022-12-13,5,2022-12-13T05:00:00.000Z,05:00:00.000Z,2022-12-13T05:00:00.000Z
534,2022-12-14,6,2022-12-14T05:00:00.000Z,05:00:00.000Z,2022-12-14T05:00:00.000Z
535,2022-12-15,2,2022-12-15T05:00:00.000Z,05:00:00.000Z,2022-12-15T05:00:00.000Z
536,2022-12-17,6,2022-12-17T05:00:00.000Z,05:00:00.000Z,2022-12-17T05:00:00.000Z
537,2022-12-18,4,2022-12-18T05:00:00.000Z,05:00:00.000Z,2022-12-18T05:00:00.000Z
538,2022-12-19,2,2022-12-19T05:00:00.000Z,05:00:00.000Z,2022-12-19T05:00:00.000Z
539,2022-12-20,3,2022-12-20T05:00:00.000Z,05:00:00.000Z,2022-12-20T05:00:00.000Z
540,2022-12-21,2,2022-12-21T05:00:00.000Z,05:00:00.000Z,2022-12-21T05:00:00.000Z
541,2022-12-22,1,2022-12-22T05:00:00.000Z,05:00:00.000Z,2022-12-22T05:00:00.000Z
542,2022-12-27,1,2022-12-27T05:00:00.000Z,05:00:00.000Z,2022-12-27T05:00:00.000Z
543,2022-12-30,1,2022-12-30T05:00:00.000Z,05:00:00.000Z,2022-12-30T05:00:00.000Z
544,2023-01-03,3,2023-01-03T05:00:00.000Z,05:00:00.000Z,2023-01-03T05:00:00.000Z
545,2023-01-05,4,2023-01-05T05:00:00.000Z,05:00:00.000Z,2023-01-05T05:00:00.000Z
546,2023-01-09,2,2023-01-09T05:00:00.000Z,05:00:00.000Z,2023-01-09T05:00:00.000Z
547,2023-01-10,3,2023-01-10T05:00:00.000Z,05:00:00.000Z,2023-01-10T05:00:00.000Z
548,2023-01-11,5,2023-01-11T05:00:00.000Z,05:00:00.000Z,2023-01-11T05:00:00.000Z
549,2023-01-12,1,2023-01-12T05:00:00.000Z,05:00:00.000Z,2023-01-12T05:00:00.000Z
550,2023-01-14,3,2023-01-14T05:00:00.000Z,05:00:00.000Z,2023-01-14T05:00:00.000Z
551,2023-01-16,2,2023-01-16T05:00:00.000Z,05:00:00.000Z,2023-01-16T05:00:00.000Z
552,2023-01-17,2,2023-01-17T05:00:00.000Z,05:00:00.000Z,2023-01-17T05:00:00.000Z
553,2023-01-18,3,2023-01-18T05:00:00.000Z,05:00:00.000Z,2023-01-18T05:00:00.000Z
554,2023-01-19,3,2023-01-19T05:00:00.000Z,05:00:00.000Z,2023-01-19T05:00:00.000Z
555,2023-01-20,2,2023-01-20T05:00:00.000Z,05:00:00.000Z,2023-01-20T05:00:00.000Z
556,2023-01-21,3,2023-01-21T05:00:00.000Z,05:00:00.000Z,2023-01-21T05:00:00.000Z
557,2023-01-22,1,2023-01-22T05:00:00.000Z,05:00:00.000Z,2023-01-22T05:00:00.000Z
558,2023-01-23,1,2023-01-23T05:00:00.000Z,05:00:00.000Z,2023-01-23T05:00:00.000Z
559,2023-01-24,3,2023-01-24T05:00:00.000Z,05:00:00.000Z,2023-01-24T05:00:00.000Z
560,2023-01-25,4,2023-01-25T05:00:00.000Z,05:00:00.000Z,2023-01-25T05:00:00.000Z
561,2023-01-26,1,2023-01-26T05:00:00.000Z,05:00:00.000Z,2023-01-26T05:00:00.000Z
562,2023-01-27,1,2023-01-27T05:00:00.000Z,05:00:00.000Z,2023-01-27T05:00:00.000Z
563,2023-01-31,6,2023-01-31T05:00:00.000Z,05:00:00.000Z,2023-01-31T05:00:00.000Z
564,2023-02-02,4,2023-02-02T05:00:00.000Z,05:00:00.000Z,2023-02-02T05:00:00.000Z
565,2023-02-05,3,2023-02-05T05:00:00.000Z,05:00:00.000Z,2023-02-05T05:00:00.000Z
566,2023-02-06,3,2023-02-06T05:00:00.000Z,05:00:00.000Z,2023-02-06T05:00:00.000Z
567,2023-02-07,4,2023-02-07T05:00:00.000Z,05:00:00.000Z,2023-02-07T05:00:00.000Z
568,2023-02-08,3,2023-02-08T05:00:00.000Z,05:00:00.000Z,2023-02-08T05:00:00.000Z
569,2023-02-10,2,2023-02-10T05:00:00.000Z,05:00:00.000Z,2023-02-10T05:00:00.000Z
570,2023-02-12,2,2023-02-12T05:00:00.000Z,05:00:00.000Z,2023-02-12T05:00:00.000Z
571,2023-02-13,1,2023-02-13T05:00:00.000Z,05:00:00.000Z,2023-02-13T05:00:00.000Z
572,2023-02-15,4,2023-02-15T05:00:00.000Z,05:00:00.000Z,2023-02-15T05:00:00.000Z
573,2023-02-16,4,2023-02-16T05:00:00.000Z,05:00:00.000Z,2023-02-16T05:00:00.000Z
574,2023-02-20,2,2023-02-20T05:00:00.000Z,05:00:00.000Z,2023-02-20T05:00:00.000Z
575,2023-02-21,4,2023-02-21T05:00:00.000Z,05:00:00.000Z,2023-02-21T05:00:00.000Z
576,2023-02-22,2,2023-02-22T05:00:00.000Z,05:00:00.000Z,2023-02-22T05:00:00.000Z
577,2023-02-26,1,2023-02-26T05:00:00.000Z,05:00:00.000Z,2023-02-26T05:00:00.000Z
578,2023-02-27,3,2023-02-27T05:00:00.000Z,05:00:00.000Z,2023-02-27T05:00:00.000Z
579,2023-02-28,7,2023-02-28T05:00:00.000Z,05:00:00.000Z,2023-02-28T05:00:00.000Z
580,2023-03-01,1,2023-03-01T05:00:00.000Z,05:00:00.000Z,2023-03-01T05:00:00.000Z
581,2023-03-02,4,2023-03-02T05:00:00.000Z,05:00:00.000Z,2023-03-02T05:00:00.000Z
582,2023-03-04,3,2023-03-04T05:00:00.000Z,05:00:00.000Z,2023-03-04T05:00:00.000Z
583,2023-03-05,2,2023-03-05T05:00:00.000Z,05:00:00.000Z,2023-03-05T05:00:00.000Z
584,2023-03-06,1,2023-03-06T05:00:00.000Z,05:00:00.000Z,2023-03-06T05:00:00.000Z
585,2023-03-07,2,2023-03-07T05:00:00.000Z,05:00:00.000Z,2023-03-07T05:00:00.000Z
586,2023-03-08,4,2023-03-08T05:00:00.000Z,05:00:00.000Z,2023-03-08T05:00:00.000Z
587,2023-03-09,4,2023-03-09T05:00:00.000Z,05:00:00.000Z,2023-03-09T05:00:00.000Z
588,2023-03-10,1,2023-03-10T05:00:00.000Z,05:00:00.000Z,2023-03-10T05:00:00.000Z
589,2023-03-13,2,2023-03-13T04:00:00.000Z,04:00:00.000Z,2023-03-13T04:00:00.000Z
590,2023-03-14,4,2023-03-14T04:00:00.000Z,04:00:00.000Z,2023-03-14T04:00:00.000Z
591,2023-03-15,6,2023-03-15T04:00:00.000Z,04:00:00.000Z,2023-03-15T04:00:00.000Z
592,2023-03-16,3,2023-03-16T04:00:00.000Z,04:00:00.000Z,2023-03-16T04:00:00.000Z
593,2023-03-17,1,2023-03-17T04:00:00.000Z,04:00:00.000Z,2023-03-17T04:00:00.000Z
594,2023-03-18,5,2023-03-18T04:00:00.000Z,04:00:00.000Z,2023-03-18T04:00:00.000Z
595,2023-03-19,1,2023-03-19T04:00:00.000Z,04:00:00.000Z,2023-03-19T04:00:00.000Z
596,2023-03-20,2,2023-03-20T04:00:00.000Z,04:00:00.000Z,2023-03-20T04:00:00.000Z
597,2023-03-21,5,2023-03-21T04:00:00.000Z,04:00:00.000Z,2023-03-21T04:00:00.000Z
598,2023-03-22,2,2023-03-22T04:00:00.000Z,04:00:00.000Z,2023-03-22T04:00:00.000Z
599,2023-03-23,4,2023-03-23T04:00:00.000Z,04:00:00.000Z,2023-03-23T04:00:00.000Z
600,2023-03-24,1,2023-03-24T04:00:00.000Z,04:00:00.000Z,2023-03-24T04:00:00.000Z
601,2023-03-25,2,2023-03-25T04:00:00.000Z,04:00:00.000Z,2023-03-25T04:00:00.000Z
602,2023-03-26,2,2023-03-26T04:00:00.000Z,04:00:00.000Z,2023-03-26T04:00:00.000Z
603,2023-03-27,1,2023-03-27T04:00:00.000Z,04:00:00.000Z,2023-03-27T04:00:00.000Z
604,2023-03-28,7,2023-03-28T04:00:00.000Z,04:00:00.000Z,2023-03-28T04:00:00.000Z
605,2023-03-29,2,2023-03-29T04:00:00.000Z,04:00:00.000Z,2023-03-29T04:00:00.000Z
606,2023-03-31,2,2023-03-31T04:00:00.000Z,04:00:00.000Z,2023-03-31T04:00:00.000Z
607,2023-04-02,2,2023-04-02T04:00:00.000Z,04:00:00.000Z,2023-04-02T04:00:00.000Z
608,2023-04-03,1,2023-04-03T04:00:00.000Z,04:00:00.000Z,2023-04-03T04:00:00.000Z
609,2023-04-04,3,2023-04-04T04:00:00.000Z,04:00:00.000Z,2023-04-04T04:00:00.000Z
610,2023-04-06,2,2023-04-06T04:00:00.000Z,04:00:00.000Z,2023-04-06T04:00:00.000Z
611,2023-04-07,1,2023-04-07T04:00:00.000Z,04:00:00.000Z,2023-04-07T04:00:00.000Z
612,2023-04-08,1,2023-04-08T04:00:00.000Z,04:00:00.000Z,2023-04-08T04:00:00.000Z
613,2023-04-11,3,2023-04-11T04:00:00.000Z,04:00:00.000Z,2023-04-11T04:00:00.000Z
614,2023-04-12,3,2023-04-12T04:00:00.000Z,04:00:00.000Z,2023-04-12T04:00:00.000Z
615,2023-04-13,4,2023-04-13T04:00:00.000Z,04:00:00.000Z,2023-04-13T04:00:00.000Z
616,2023-04-14,2,2023-04-14T04:00:00.000Z,04:00:00.000Z,2023-04-14T04:00:00.000Z
617,2023-04-15,1,2023-04-15T04:00:00.000Z,04:00:00.000Z,2023-04-15T04:00:00.000Z
618,2023-04-16,1,2023-04-16T04:00:00.000Z,04:00:00.000Z,2023-04-16T04:00:00.000Z
619,2023-04-17,1,2023-04-17T04:00:00.000Z,04:00:00.000Z,2023-04-17T04:00:00.000Z
620,2023-04-18,9,2023-04-18T04:00:00.000Z,04:00:00.000Z,2023-04-18T04:00:00.000Z
621,2023-04-19,6,2023-04-19T04:00:00.000Z,04:00:00.000Z,2023-04-19T04:00:00.000Z
622,2023-04-20,2,2023-04-20T04:00:00.000Z,04:00:00.000Z,2023-04-20T04:00:00.000Z
623,2023-04-21,3,2023-04-21T04:00:00.000Z,04:00:00.000Z,2023-04-21T04:00:00.000Z
624,2023-04-22,2,2023-04-22T04:00:00.000Z,04:00:00.000Z,2023-04-22T04:00:00.000Z
625,2023-04-23,3,2023-04-23T04:00:00.000Z,04:00:00.000Z,2023-04-23T04:00:00.000Z
626,2023-04-24,2,2023-04-24T04:00:00.000Z,04:00:00.000Z,2023-04-24T04:00:00.000Z
627,2023-04-25,5,2023-04-25T04:00:00.000Z,04:00:00.000Z,2023-04-25T04:00:00.000Z
628,2023-04-26,2,2023-04-26T04:00:00.000Z,04:00:00.000Z,2023-04-26T04:00:00.000Z
629,2023-04-27,2,2023-04-27T04:00:00.000Z,04:00:00.000Z,2023-04-27T04:00:00.000Z
630,2023-04-28,1,2023-04-28T04:00:00.000Z,04:00:00.000Z,2023-04-28T04:00:00.000Z
631,2023-04-30,3,2023-04-30T04:00:00.000Z,04:00:00.000Z,2023-04-30T04:00:00.000Z
632,2023-05-01,1,2023-05-01T04:00:00.000Z,04:00:00.000Z,2023-05-01T04:00:00.000Z
633,2023-05-02,2,2023-05-02T04:00:00.000Z,04:00:00.000Z,2023-05-02T04:00:00.000Z
634,2023-05-04,5,2023-05-04T04:00:00.000Z,04:00:00.000Z,2023-05-04T04:00:00.000Z
635,2023-05-06,2,2023-05-06T04:00:00.000Z,04:00:00.000Z,2023-05-06T04:00:00.000Z
636,2023-05-09,4,2023-05-09T04:00:00.000Z,04:00:00.000Z,2023-05-09T04:00:00.000Z
637,2023-05-10,6,2023-05-10T04:00:00.000Z,04:00:00.000Z,2023-05-10T04:00:00.000Z
638,2023-05-11,5,2023-05-11T04:00:00.000Z,04:00:00.000Z,2023-05-11T04:00:00.000Z
639,2023-05-12,2,2023-05-12T04:00:00.000Z,04:00:00.000Z,2023-05-12T04:00:00.000Z
640,2023-05-13,2,2023-05-13T04:00:00.000Z,04:00:00.000Z,2023-05-13T04:00:00.000Z
641,2023-05-15,1,2023-05-15T04:00:00.000Z,04:00:00.000Z,2023-05-15T04:00:00.000Z
642,2023-05-16,4,2023-05-16T04:00:00.000Z,04:00:00.000Z,2023-05-16T04:00:00.000Z
643,2023-05-17,5,2023-05-17T04:00:00.000Z,04:00:00.000Z,2023-05-17T04:00:00.000Z
644,2023-05-18,3,2023-05-18T04:00:00.000Z,04:00:00.000Z,2023-05-18T04:00:00.000Z
645,2023-05-19,2,2023-05-19T04:00:00.000Z,04:00:00.000Z,2023-05-19T04:00:00.000Z
646,2023-05-20,1,2023-05-20T04:00:00.000Z,04:00:00.000Z,2023-05-20T04:00:00.000Z
647,2023-05-21,3,2023-05-21T04:00:00.000Z,04:00:00.000Z,2023-05-21T04:00:00.000Z
648,2023-05-22,2,2023-05-22T04:00:00.000Z,04:00:00.000Z,2023-05-22T04:00:00.000Z
649,2023-05-23,2,2023-05-23T04:00:00.000Z,04:00:00.000Z,2023-05-23T04:00:00.000Z
650,2023-05-24,3,2023-05-24T04:00:00.000Z,04:00:00.000Z,2023-05-24T04:00:00.000Z
651,2023-05-25,3,2023-05-25T04:00:00.000Z,04:00:00.000Z,2023-05-25T04:00:00.000Z
652,2023-05-26,2,2023-05-26T04:00:00.000Z,04:00:00.000Z,2023-05-26T04:00:00.000Z
653,2023-05-28,1,2023-05-28T04:00:00.000Z,04:00:00.000Z,2023-05-28T04:00:00.000Z
654,2023-05-29,4,2023-05-29T04:00:00.000Z,04:00:00.000Z,2023-05-29T04:00:00.000Z
655,2023-05-30,4,2023-05-30T04:00:00.000Z,04:00:00.000Z,2023-05-30T04:00:00.000Z
656,2023-05-31,1,2023-05-31T04:00:00.000Z,04:00:00.000Z,2023-05-31T04:00:00.000Z
657,2023-06-01,4,2023-06-01T04:00:00.000Z,04:00:00.000Z,2023-06-01T04:00:00.000Z
658,2023-06-03,2,2023-06-03T04:00:00.000Z,04:00:00.000Z,2023-06-03T04:00:00.000Z
659,2023-06-04,4,2023-06-04T04:00:00.000Z,04:00:00.000Z,2023-06-04T04:00:00.000Z
660,2023-06-05,1,2023-06-05T04:00:00.000Z,04:00:00.000Z,2023-06-05T04:00:00.000Z
661,2023-06-06,1,2023-06-06T04:00:00.000Z,04:00:00.000Z,2023-06-06T04:00:00.000Z
662,2023-06-07,1,2023-06-07T04:00:00.000Z,04:00:00.000Z,2023-06-07T04:00:00.000Z
663,2023-06-08,3,2023-06-08T04:00:00.000Z,04:00:00.000Z,2023-06-08T04:00:00.000Z
664,2023-06-09,2,2023-06-09T04:00:00.000Z,04:00:00.000Z,2023-06-09T04:00:00.000Z
665,2023-06-10,2,2023-06-10T04:00:00.000Z,04:00:00.000Z,2023-06-10T04:00:00.000Z
666,2023-06-11,3,2023-06-11T04:00:00.000Z,04:00:00.000Z,2023-06-11T04:00:00.000Z
667,2023-06-12,1,2023-06-12T04:00:00.000Z,04:00:00.000Z,2023-06-12T04:00:00.000Z
668,2023-06-13,7,2023-06-13T04:00:00.000Z,04:00:00.000Z,2023-06-13T04:00:00.000Z
669,2023-06-14,8,2023-06-14T04:00:00.000Z,04:00:00.000Z,2023-06-14T04:00:00.000Z
670,2023-06-15,3,2023-06-15T04:00:00.000Z,04:00:00.000Z,2023-06-15T04:00:00.000Z
671,2023-06-16,2,2023-06-16T04:00:00.000Z,04:00:00.000Z,2023-06-16T04:00:00.000Z
672,2023-06-17,2,2023-06-17T04:00:00.000Z,04:00:00.000Z,2023-06-17T04:00:00.000Z
673,2023-06-19,1,2023-06-19T04:00:00.000Z,04:00:00.000Z,2023-06-19T04:00:00.000Z
674,2023-06-20,6,2023-06-20T04:00:00.000Z,04:00:00.000Z,2023-06-20T04:00:00.000Z
675,2023-06-21,6,2023-06-21T04:00:00.000Z,04:00:00.000Z,2023-06-21T04:00:00.000Z
676,2023-06-22,1,2023-06-22T04:00:00.000Z,04:00:00.000Z,2023-06-22T04:00:00.000Z
677,2023-06-23,2,2023-06-23T04:00:00.000Z,04:00:00.000Z,2023-06-23T04:00:00.000Z
678,2023-06-24,4,2023-06-24T04:00:00.000Z,04:00:00.000Z,2023-06-24T04:00:00.000Z
679,2023-06-25,1,2023-06-25T04:00:00.000Z,04:00:00.000Z,2023-06-25T04:00:00.000Z
680,2023-06-26,1,2023-06-26T04:00:00.000Z,04:00:00.000Z,2023-06-26T04:00:00.000Z
681,2023-06-27,5,2023-06-27T04:00:00.000Z,04:00:00.000Z,2023-06-27T04:00:00.000Z
682,2023-06-28,3,2023-06-28T04:00:00.000Z,04:00:00.000Z,2023-06-28T04:00:00.000Z
683,2023-06-30,2,2023-06-30T04:00:00.000Z,04:00:00.000Z,2023-06-30T04:00:00.000Z
684,2023-07-08,1,2023-07-08T04:00:00.000Z,04:00:00.000Z,2023-07-08T04:00:00.000Z
685,2023-07-12,3,2023-07-12T04:00:00.000Z,04:00:00.000Z,2023-07-12T04:00:00.000Z
686,2023-07-13,3,2023-07-13T04:00:00.000Z,04:00:00.000Z,2023-07-13T04:00:00.000Z
687,2023-07-15,2,2023-07-15T04:00:00.000Z,04:00:00.000Z,2023-07-15T04:00:00.000Z
688,2023-07-19,1,2023-07-19T04:00:00.000Z,04:00:00.000Z,2023-07-19T04:00:00.000Z
689,2023-07-22,2,2023-07-22T04:00:00.000Z,04:00:00.000Z,2023-07-22T04:00:00.000Z
690,2023-07-23,1,2023-07-23T04:00:00.000Z,04:00:00.000Z,2023-07-23T04:00:00.000Z
691,2023-07-26,1,2023-07-26T04:00:00.000Z,04:00:00.000Z,2023-07-26T04:00:00.000Z
692,2023-07-29,2,2023-07-29T04:00:00.000Z,04:00:00.000Z,2023-07-29T04:00:00.000Z
693,2023-08-01,18,2023-08-01T04:00:00.000Z,04:00:00.000Z,2023-08-01T04:00:00.000Z
694,2023-08-02,1,2023-08-02T04:00:00.000Z,04:00:00.000Z,2023-08-02T04:00:00.000Z
695,2023-08-05,3,2023-08-05T04:00:00.000Z,04:00:00.000Z,2023-08-05T04:00:00.000Z
696,2023-08-06,1,2023-08-06T04:00:00.000Z,04:00:00.000Z,2023-08-06T04:00:00.000Z
697,2023-08-08,1,2023-08-08T04:00:00.000Z,04:00:00.000Z,2023-08-08T04:00:00.000Z
698,2023-08-09,1,2023-08-09T04:00:00.000Z,04:00:00.000Z,2023-08-09T04:00:00.000Z
699,2023-08-10,1,2023-08-10T04:00:00.000Z,04:00:00.000Z,2023-08-10T04:00:00.000Z
700,2023-08-12,13,2023-08-12T04:00:00.000Z,04:00:00.000Z,2023-08-12T04:00:00.000Z
701,2023-08-13,4,2023-08-13T04:00:00.000Z,04:00:00.000Z,2023-08-13T04:00:00.000Z
702,2023-08-14,1,2023-08-14T04:00:00.000Z,04:00:00.000Z,2023-08-14T04:00:00.000Z
703,2023-08-15,2,2023-08-15T04:00:00.000Z,04:00:00.000Z,2023-08-15T04:00:00.000Z
704,2023-08-19,1,2023-08-19T04:00:00.000Z,04:00:00.000Z,2023-08-19T04:00:00.000Z
705,2023-08-23,2,2023-08-23T04:00:00.000Z,04:00:00.000Z,2023-08-23T04:00:00.000Z
706,2023-08-25,1,2023-08-25T04:00:00.000Z,04:00:00.000Z,2023-08-25T04:00:00.000Z
707,2023-08-26,5,2023-08-26T04:00:00.000Z,04:00:00.000Z,2023-08-26T04:00:00.000Z
708,2023-08-28,2,2023-08-28T04:00:00.000Z,04:00:00.000Z,2023-08-28T04:00:00.000Z
709,2023-08-29,2,2023-08-29T04:00:00.000Z,04:00:00.000Z,2023-08-29T04:00:00.000Z
710,2023-08-30,1,2023-08-30T04:00:00.000Z,04:00:00.000Z,2023-08-30T04:00:00.000Z
711,2023-08-31,3,2023-08-31T04:00:00.000Z,04:00:00.000Z,2023-08-31T04:00:00.000Z
712,2023-09-01,2,2023-09-01T04:00:00.000Z,04:00:00.000Z,2023-09-01T04:00:00.000Z
713,2023-09-03,1,2023-09-03T04:00:00.000Z,04:00:00.000Z,2023-09-03T04:00:00.000Z
714,2023-09-04,1,2023-09-04T04:00:00.000Z,04:00:00.000Z,2023-09-04T04:00:00.000Z
715,2023-09-05,4,2023-09-05T04:00:00.000Z,04:00:00.000Z,2023-09-05T04:00:00.000Z
716,2023-09-06,4,2023-09-06T04:00:00.000Z,04:00:00.000Z,2023-09-06T04:00:00.000Z
717,2023-09-07,8,2023-09-07T04:00:00.000Z,04:00:00.000Z,2023-09-07T04:00:00.000Z
718,2023-09-08,2,2023-09-08T04:00:00.000Z,04:00:00.000Z,2023-09-08T04:00:00.000Z
719,2023-09-09,2,2023-09-09T04:00:00.000Z,04:00:00.000Z,2023-09-09T04:00:00.000Z
720,2023-09-10,4,2023-09-10T04:00:00.000Z,04:00:00.000Z,2023-09-10T04:00:00.000Z
721,2023-09-11,3,2023-09-11T04:00:00.000Z,04:00:00.000Z,2023-09-11T04:00:00.000Z
722,2023-09-12,9,2023-09-12T04:00:00.000Z,04:00:00.000Z,2023-09-12T04:00:00.000Z
723,2023-09-13,11,2023-09-13T04:00:00.000Z,04:00:00.000Z,2023-09-13T04:00:00.000Z
724,2023-09-14,4,2023-09-14T04:00:00.000Z,04:00:00.000Z,2023-09-14T04:00:00.000Z
725,2023-09-15,1,2023-09-15T04:00:00.000Z,04:00:00.000Z,2023-09-15T04:00:00.000Z
726,2023-09-18,2,2023-09-18T04:00:00.000Z,04:00:00.000Z,2023-09-18T04:00:00.000Z
727,2023-09-19,3,2023-09-19T04:00:00.000Z,04:00:00.000Z,2023-09-19T04:00:00.000Z
728,2023-09-20,4,2023-09-20T04:00:00.000Z,04:00:00.000Z,2023-09-20T04:00:00.000Z
729,2023-09-21,3,2023-09-21T04:00:00.000Z,04:00:00.000Z,2023-09-21T04:00:00.000Z
730,2023-09-22,1,2023-09-22T04:00:00.000Z,04:00:00.000Z,2023-09-22T04:00:00.000Z
731,2023-09-25,2,2023-09-25T04:00:00.000Z,04:00:00.000Z,2023-09-25T04:00:00.000Z
732,2023-09-26,6,2023-09-26T04:00:00.000Z,04:00:00.000Z,2023-09-26T04:00:00.000Z
733,2023-09-27,5,2023-09-27T04:00:00.000Z,04:00:00.000Z,2023-09-27T04:00:00.000Z
734,2023-09-28,2,2023-09-28T04:00:00.000Z,04:00:00.000Z,2023-09-28T04:00:00.000Z
735,2023-09-30,1,2023-09-30T04:00:00.000Z,04:00:00.000Z,2023-09-30T04:00:00.000Z
736,2023-10-02,1,2023-10-02T04:00:00.000Z,04:00:00.000Z,2023-10-02T04:00:00.000Z
737,2023-10-03,1,2023-10-03T04:00:00.000Z,04:00:00.000Z,2023-10-03T04:00:00.000Z
738,2023-10-04,1,2023-10-04T04:00:00.000Z,04:00:00.000Z,2023-10-04T04:00:00.000Z
739,2023-10-05,5,2023-10-05T04:00:00.000Z,04:00:00.000Z,2023-10-05T04:00:00.000Z
740,2023-10-07,2,2023-10-07T04:00:00.000Z,04:00:00.000Z,2023-10-07T04:00:00.000Z
741,2023-10-08,1,2023-10-08T04:00:00.000Z,04:00:00.000Z,2023-10-08T04:00:00.000Z
742,2023-10-10,7,2023-10-10T04:00:00.000Z,04:00:00.000Z,2023-10-10T04:00:00.000Z
743,2023-10-11,6,2023-10-11T04:00:00.000Z,04:00:00.000Z,2023-10-11T04:00:00.000Z
744,2023-10-12,4,2023-10-12T04:00:00.000Z,04:00:00.000Z,2023-10-12T04:00:00.000Z
745,2023-10-15,2,2023-10-15T04:00:00.000Z,04:00:00.000Z,2023-10-15T04:00:00.000Z
746,2023-10-16,1,2023-10-16T04:00:00.000Z,04:00:00.000Z,2023-10-16T04:00:00.000Z
747,2023-10-17,3,2023-10-17T04:00:00.000Z,04:00:00.000Z,2023-10-17T04:00:00.000Z
748,2023-10-18,6,2023-10-18T04:00:00.000Z,04:00:00.000Z,2023-10-18T04:00:00.000Z
749,2023-10-19,4,2023-10-19T04:00:00.000Z,04:00:00.000Z,2023-10-19T04:00:00.000Z
750,2023-10-20,2,2023-10-20T04:00:00.000Z,04:00:00.000Z,2023-10-20T04:00:00.000Z
751,2023-10-21,1,2023-10-21T04:00:00.000Z,04:00:00.000Z,2023-10-21T04:00:00.000Z
752,2023-10-23,1,2023-10-23T04:00:00.000Z,04:00:00.000Z,2023-10-23T04:00:00.000Z
753,2023-10-24,4,2023-10-24T04:00:00.000Z,04:00:00.000Z,2023-10-24T04:00:00.000Z
754,2023-10-25,8,2023-10-25T04:00:00.000Z,04:00:00.000Z,2023-10-25T04:00:00.000Z
755,2023-10-26,1,2023-10-26T04:00:00.000Z,04:00:00.000Z,2023-10-26T04:00:00.000Z
756,2023-10-27,1,2023-10-27T04:00:00.000Z,04:00:00.000Z,2023-10-27T04:00:00.000Z
757,2023-10-28,5,2023-10-28T04:00:00.000Z,04:00:00.000Z,2023-10-28T04:00:00.000Z
758,2023-10-29,3,2023-10-29T04:00:00.000Z,04:00:00.000Z,2023-10-29T04:00:00.000Z
759,2023-10-30,1,2023-10-30T04:00:00.000Z,04:00:00.000Z,2023-10-30T04:00:00.000Z
760,2023-10-31,3,2023-10-31T04:00:00.000Z,04:00:00.000Z,2023-10-31T04:00:00.000Z
761,2023-11-01,4,2023-11-01T04:00:00.000Z,04:00:00.000Z,2023-11-01T04:00:00.000Z
762,2023-11-02,4,2023-11-02T04:00:00.000Z,04:00:00.000Z,2023-11-02T04:00:00.000Z
763,2023-11-03,1,2023-11-03T04:00:00.000Z,04:00:00.000Z,2023-11-03T04:00:00.000Z
764,2023-11-06,1,2023-11-06T05:00:00.000Z,05:00:00.000Z,2023-11-06T05:00:00.000Z
765,2023-11-07,1,2023-11-07T05:00:00.000Z,05:00:00.000Z,2023-11-07T05:00:00.000Z
766,2023-11-08,4,2023-11-08T05:00:00.000Z,05:00:00.000Z,2023-11-08T05:00:00.000Z
767,2023-11-09,7,2023-11-09T05:00:00.000Z,05:00:00.000Z,2023-11-09T05:00:00.000Z
768,2023-11-11,1,2023-11-11T05:00:00.000Z,05:00:00.000Z,2023-11-11T05:00:00.000Z
769,2023-11-12,1,2023-11-12T05:00:00.000Z,05:00:00.000Z,2023-11-12T05:00:00.000Z
770,2023-11-13,1,2023-11-13T05:00:00.000Z,05:00:00.000Z,2023-11-13T05:00:00.000Z
771,2023-11-14,10,2023-11-14T05:00:00.000Z,05:00:00.000Z,2023-11-14T05:00:00.000Z
772,2023-11-15,6,2023-11-15T05:00:00.000Z,05:00:00.000Z,2023-11-15T05:00:00.000Z
773,2023-11-16,2,2023-11-16T05:00:00.000Z,05:00:00.000Z,2023-11-16T05:00:00.000Z
774,2023-11-17,1,2023-11-17T05:00:00.000Z,05:00:00.000Z,2023-11-17T05:00:00.000Z
775,2023-11-18,2,2023-11-18T05:00:00.000Z,05:00:00.000Z,2023-11-18T05:00:00.000Z
776,2023-11-20,3,2023-11-20T05:00:00.000Z,05:00:00.000Z,2023-11-20T05:00:00.000Z
777,2023-11-21,5,2023-11-21T05:00:00.000Z,05:00:00.000Z,2023-11-21T05:00:00.000Z
778,2023-11-27,2,2023-11-27T05:00:00.000Z,05:00:00.000Z,2023-11-27T05:00:00.000Z
779,2023-11-28,4,2023-11-28T05:00:00.000Z,05:00:00.000Z,2023-11-28T05:00:00.000Z
780,2023-11-29,2,2023-11-29T05:00:00.000Z,05:00:00.000Z,2023-11-29T05:00:00.000Z
781,2023-11-30,1,2023-11-30T05:00:00.000Z,05:00:00.000Z,2023-11-30T05:00:00.000Z
782,2023-12-02,4,2023-12-02T05:00:00.000Z,05:00:00.000Z,2023-12-02T05:00:00.000Z
783,2023-12-03,1,2023-12-03T05:00:00.000Z,05:00:00.000Z,2023-12-03T05:00:00.000Z
784,2023-12-04,3,2023-12-04T05:00:00.000Z,05:00:00.000Z,2023-12-04T05:00:00.000Z
785,2023-12-05,2,2023-12-05T05:00:00.000Z,05:00:00.000Z,2023-12-05T05:00:00.000Z
786,2023-12-06,1,2023-12-06T05:00:00.000Z,05:00:00.000Z,2023-12-06T05:00:00.000Z
787,2023-12-07,4,2023-12-07T05:00:00.000Z,05:00:00.000Z,2023-12-07T05:00:00.000Z
788,2023-12-09,1,2023-12-09T05:00:00.000Z,05:00:00.000Z,2023-12-09T05:00:00.000Z
789,2023-12-10,1,2023-12-10T05:00:00.000Z,05:00:00.000Z,2023-12-10T05:00:00.000Z
790,2023-12-11,1,2023-12-11T05:00:00.000Z,05:00:00.000Z,2023-12-11T05:00:00.000Z
791,2023-12-12,4,2023-12-12T05:00:00.000Z,05:00:00.000Z,2023-12-12T05:00:00.000Z
792,2023-12-13,6,2023-12-13T05:00:00.000Z,05:00:00.000Z,2023-12-13T05:00:00.000Z
793,2023-12-14,2,2023-12-14T05:00:00.000Z,05:00:00.000Z,2023-12-14T05:00:00.000Z
794,2023-12-16,1,2023-12-16T05:00:00.000Z,05:00:00.000Z,2023-12-16T05:00:00.000Z
795,2023-12-17,4,2023-12-17T05:00:00.000Z,05:00:00.000Z,2023-12-17T05:00:00.000Z
796,2023-12-18,2,2023-12-18T05:00:00.000Z,05:00:00.000Z,2023-12-18T05:00:00.000Z
797,2023-12-19,4,2023-12-19T05:00:00.000Z,05:00:00.000Z,2023-12-19T05:00:00.000Z
798,2023-12-20,6,2023-12-20T05:00:00.000Z,05:00:00.000Z,2023-12-20T05:00:00.000Z
799,2023-12-21,3,2023-12-21T05:00:00.000Z,05:00:00.000Z,2023-12-21T05:00:00.000Z
800,2023-12-22,1,2023-12-22T05:00:00.000Z,05:00:00.000Z,2023-12-22T05:00:00.000Z
801,2023-12-26,3,2023-12-26T05:00:00.000Z,05:00:00.000Z,2023-12-26T05:00:00.000Z
802,2023-12-27,2,2023-12-27T05:00:00.000Z,05:00:00.000Z,2023-12-27T05:00:00.000Z
803,2023-12-28,1,2023-12-28T05:00:00.000Z,05:00:00.000Z,2023-12-28T05:00:00.000Z
804,2023-12-30,1,2023-12-30T05:00:00.000Z,05:00:00.000Z,2023-12-30T05:00:00.000Z
805,2024-01-02,5,2024-01-02T05:00:00.000Z,05:00:00.000Z,2024-01-02T05:00:00.000Z
806,2024-01-04,3,2024-01-04T05:00:00.000Z,05:00:00.000Z,2024-01-04T05:00:00.000Z
807,2024-01-06,2,2024-01-06T05:00:00.000Z,05:00:00.000Z,2024-01-06T05:00:00.000Z
808,2024-01-08,1,2024-01-08T05:00:00.000Z,05:00:00.000Z,2024-01-08T05:00:00.000Z
809,2024-01-09,2,2024-01-09T05:00:00.000Z,05:00:00.000Z,2024-01-09T05:00:00.000Z
810,2024-01-10,5,2024-01-10T05:00:00.000Z,05:00:00.000Z,2024-01-10T05:00:00.000Z
811,2024-01-11,2,2024-01-11T05:00:00.000Z,05:00:00.000Z,2024-01-11T05:00:00.000Z
812,2024-01-15,2,2024-01-15T05:00:00.000Z,05:00:00.000Z,2024-01-15T05:00:00.000Z
813,2024-01-20,1,2024-01-20T05:00:00.000Z,05:00:00.000Z,2024-01-20T05:00:00.000Z
814,2024-01-21,1,2024-01-21T05:00:00.000Z,05:00:00.000Z,2024-01-21T05:00:00.000Z
815,2024-01-23,4,2024-01-23T05:00:00.000Z,05:00:00.000Z,2024-01-23T05:00:00.000Z
816,2024-01-24,1,2024-01-24T05:00:00.000Z,05:00:00.000Z,2024-01-24T05:00:00.000Z
817,2024-01-26,1,2024-01-26T05:00:00.000Z,05:00:00.000Z,2024-01-26T05:00:00.000Z
818,2024-01-29,1,2024-01-29T05:00:00.000Z,05:00:00.000Z,2024-01-29T05:00:00.000Z
819,2024-01-30,4,2024-01-30T05:00:00.000Z,05:00:00.000Z,2024-01-30T05:00:00.000Z
820,2024-01-31,3,2024-01-31T05:00:00.000Z,05:00:00.000Z,2024-01-31T05:00:00.000Z
821,2024-02-01,5,2024-02-01T05:00:00.000Z,05:00:00.000Z,2024-02-01T05:00:00.000Z
822,2024-02-05,1,2024-02-05T05:00:00.000Z,05:00:00.000Z,2024-02-05T05:00:00.000Z
823,2024-02-06,2,2024-02-06T05:00:00.000Z,05:00:00.000Z,2024-02-06T05:00:00.000Z
824,2024-02-07,2,2024-02-07T05:00:00.000Z,05:00:00.000Z,2024-02-07T05:00:00.000Z
825,2024-02-08,4,2024-02-08T05:00:00.000Z,05:00:00.000Z,2024-02-08T05:00:00.000Z
826,2024-02-09,1,2024-02-09T05:00:00.000Z,05:00:00.000Z,2024-02-09T05:00:00.000Z
827,2024-02-10,1,2024-02-10T05:00:00.000Z,05:00:00.000Z,2024-02-10T05:00:00.000Z
828,2024-02-11,1,2024-02-11T05:00:00.000Z,05:00:00.000Z,2024-02-11T05:00:00.000Z
829,2024-02-13,4,2024-02-13T05:00:00.000Z,05:00:00.000Z,2024-02-13T05:00:00.000Z
830,2024-02-14,2,2024-02-14T05:00:00.000Z,05:00:00.000Z,2024-02-14T05:00:00.000Z
831,2024-02-15,2,2024-02-15T05:00:00.000Z,05:00:00.000Z,2024-02-15T05:00:00.000Z
832,2024-02-16,1,2024-02-16T05:00:00.000Z,05:00:00.000Z,2024-02-16T05:00:00.000Z
833,2024-02-19,1,2024-02-19T05:00:00.000Z,05:00:00.000Z,2024-02-19T05:00:00.000Z
834,2024-02-20,5,2024-02-20T05:00:00.000Z,05:00:00.000Z,2024-02-20T05:00:00.000Z
835,2024-02-21,5,2024-02-21T05:00:00.000Z,05:00:00.000Z,2024-02-21T05:00:00.000Z
836,2024-02-22,1,2024-02-22T05:00:00.000Z,05:00:00.000Z,2024-02-22T05:00:00.000Z
837,2024-02-25,1,2024-02-25T05:00:00.000Z,05:00:00.000Z,2024-02-25T05:00:00.000Z
838,2024-02-26,1,2024-02-26T05:00:00.000Z,05:00:00.000Z,2024-02-26T05:00:00.000Z
839,2024-02-27,6,2024-02-27T05:00:00.000Z,05:00:00.000Z,2024-02-27T05:00:00.000Z
840,2024-02-28,5,2024-02-28T05:00:00.000Z,05:00:00.000Z,2024-02-28T05:00:00.000Z
841,2024-02-29,1,2024-02-29T05:00:00.000Z,05:00:00.000Z,2024-02-29T05:00:00.000Z
842,2024-03-02,2,2024-03-02T05:00:00.000Z,05:00:00.000Z,2024-03-02T05:00:00.000Z
843,2024-03-03,2,2024-03-03T05:00:00.000Z,05:00:00.000Z,2024-03-03T05:00:00.000Z
844,2024-03-04,1,2024-03-04T05:00:00.000Z,05:00:00.000Z,2024-03-04T05:00:00.000Z
845,2024-03-05,4,2024-03-05T05:00:00.000Z,05:00:00.000Z,2024-03-05T05:00:00.000Z
846,2024-03-06,1,2024-03-06T05:00:00.000Z,05:00:00.000Z,2024-03-06T05:00:00.000Z
847,2024-03-07,3,2024-03-07T05:00:00.000Z,05:00:00.000Z,2024-03-07T05:00:00.000Z
848,2024-03-08,1,2024-03-08T05:00:00.000Z,05:00:00.000Z,2024-03-08T05:00:00.000Z
849,2024-03-12,4,2024-03-12T04:00:00.000Z,04:00:00.000Z,2024-03-12T04:00:00.000Z
850,2024-03-13,4,2024-03-13T04:00:00.000Z,04:00:00.000Z,2024-03-13T04:00:00.000Z
851,2024-03-14,4,2024-03-14T04:00:00.000Z,04:00:00.000Z,2024-03-14T04:00:00.000Z
852,2024-03-19,4,2024-03-19T04:00:00.000Z,04:00:00.000Z,2024-03-19T04:00:00.000Z
853,2024-03-20,4,2024-03-20T04:00:00.000Z,04:00:00.000Z,2024-03-20T04:00:00.000Z
854,2024-03-21,1,2024-03-21T04:00:00.000Z,04:00:00.000Z,2024-03-21T04:00:00.000Z
855,2024-03-22,1,2024-03-22T04:00:00.000Z,04:00:00.000Z,2024-03-22T04:00:00.000Z
856,2024-03-23,1,2024-03-23T04:00:00.000Z,04:00:00.000Z,2024-03-23T04:00:00.000Z
857,2024-03-25,2,2024-03-25T04:00:00.000Z,04:00:00.000Z,2024-03-25T04:00:00.000Z
858,2024-03-26,3,2024-03-26T04:00:00.000Z,04:00:00.000Z,2024-03-26T04:00:00.000Z
859,2024-03-27,4,2024-03-27T04:00:00.000Z,04:00:00.000Z,2024-03-27T04:00:00.000Z
860,2024-03-28,3,2024-03-28T04:00:00.000Z,04:00:00.000Z,2024-03-28T04:00:00.000Z
861,2024-03-29,1,2024-03-29T04:00:00.000Z,04:00:00.000Z,2024-03-29T04:00:00.000Z
862,2024-03-30,1,2024-03-30T04:00:00.000Z,04:00:00.000Z,2024-03-30T04:00:00.000Z
863,2024-04-01,1,2024-04-01T04:00:00.000Z,04:00:00.000Z,2024-04-01T04:00:00.000Z
864,2024-04-02,2,2024-04-02T04:00:00.000Z,04:00:00.000Z,2024-04-02T04:00:00.000Z
865,2024-04-04,3,2024-04-04T04:00:00.000Z,04:00:00.000Z,2024-04-04T04:00:00.000Z
866,2024-04-06,2,2024-04-06T04:00:00.000Z,04:00:00.000Z,2024-04-06T04:00:00.000Z
867,2024-04-09,2,2024-04-09T04:00:00.000Z,04:00:00.000Z,2024-04-09T04:00:00.000Z
868,2024-04-10,4,2024-04-10T04:00:00.000Z,04:00:00.000Z,2024-04-10T04:00:00.000Z
869,2024-04-11,3,2024-04-11T04:00:00.000Z,04:00:00.000Z,2024-04-11T04:00:00.000Z
870,2024-04-12,1,2024-04-12T04:00:00.000Z,04:00:00.000Z,2024-04-12T04:00:00.000Z
871,2024-04-13,1,2024-04-13T04:00:00.000Z,04:00:00.000Z,2024-04-13T04:00:00.000Z
872,2024-04-14,2,2024-04-14T04:00:00.000Z,04:00:00.000Z,2024-04-14T04:00:00.000Z
873,2024-04-15,1,2024-04-15T04:00:00.000Z,04:00:00.000Z,2024-04-15T04:00:00.000Z
874,2024-04-16,6,2024-04-16T04:00:00.000Z,04:00:00.000Z,2024-04-16T04:00:00.000Z
875,2024-04-17,3,2024-04-17T04:00:00.000Z,04:00:00.000Z,2024-04-17T04:00:00.000Z
876,2024-04-18,1,2024-04-18T04:00:00.000Z,04:00:00.000Z,2024-04-18T04:00:00.000Z
877,2024-04-23,2,2024-04-23T04:00:00.000Z,04:00:00.000Z,2024-04-23T04:00:00.000Z
878,2024-04-24,1,2024-04-24T04:00:00.000Z,04:00:00.000Z,2024-04-24T04:00:00.000Z
879,2024-04-25,2,2024-04-25T04:00:00.000Z,04:00:00.000Z,2024-04-25T04:00:00.000Z
880,2024-04-26,1,2024-04-26T04:00:00.000Z,04:00:00.000Z,2024-04-26T04:00:00.000Z
881,2024-04-27,1,2024-04-27T04:00:00.000Z,04:00:00.000Z,2024-04-27T04:00:00.000Z
882,2024-04-29,1,2024-04-29T04:00:00.000Z,04:00:00.000Z,2024-04-29T04:00:00.000Z
883,2024-04-30,2,2024-04-30T04:00:00.000Z,04:00:00.000Z,2024-04-30T04:00:00.000Z
884,2024-05-02,3,2024-05-02T04:00:00.000Z,04:00:00.000Z,2024-05-02T04:00:00.000Z
885,2024-05-03,1,2024-05-03T04:00:00.000Z,04:00:00.000Z,2024-05-03T04:00:00.000Z
886,2024-05-05,2,2024-05-05T04:00:00.000Z,04:00:00.000Z,2024-05-05T04:00:00.000Z
887,2024-05-06,1,2024-05-06T04:00:00.000Z,04:00:00.000Z,2024-05-06T04:00:00.000Z
888,2024-05-07,1,2024-05-07T04:00:00.000Z,04:00:00.000Z,2024-05-07T04:00:00.000Z
889,2024-05-08,5,2024-05-08T04:00:00.000Z,04:00:00.000Z,2024-05-08T04:00:00.000Z
890,2024-05-09,3,2024-05-09T04:00:00.000Z,04:00:00.000Z,2024-05-09T04:00:00.000Z
891,2024-05-15,4,2024-05-15T04:00:00.000Z,04:00:00.000Z,2024-05-15T04:00:00.000Z
892,2024-05-16,1,2024-05-16T04:00:00.000Z,04:00:00.000Z,2024-05-16T04:00:00.000Z
893,2024-05-18,1,2024-05-18T04:00:00.000Z,04:00:00.000Z,2024-05-18T04:00:00.000Z
894,2024-05-20,1,2024-05-20T04:00:00.000Z,04:00:00.000Z,2024-05-20T04:00:00.000Z
895,2024-05-22,1,2024-05-22T04:00:00.000Z,04:00:00.000Z,2024-05-22T04:00:00.000Z
896,2024-05-23,2,2024-05-23T04:00:00.000Z,04:00:00.000Z,2024-05-23T04:00:00.000Z
897,2024-05-24,1,2024-05-24T04:00:00.000Z,04:00:00.000Z,2024-05-24T04:00:00.000Z
898,2024-05-26,3,2024-05-26T04:00:00.000Z,04:00:00.000Z,2024-05-26T04:00:00.000Z
899,2024-05-27,4,2024-05-27T04:00:00.000Z,04:00:00.000Z,2024-05-27T04:00:00.000Z
900,2024-05-28,5,2024-05-28T04:00:00.000Z,04:00:00.000Z,2024-05-28T04:00:00.000Z
901,2024-05-29,2,2024-05-29T04:00:00.000Z,04:00:00.000Z,2024-05-29T04:00:00.000Z
902,2024-05-30,1,2024-05-30T04:00:00.000Z,04:00:00.000Z,2024-05-30T04:00:00.000Z
903,2024-06-02,1,2024-06-02T04:00:00.000Z,04:00:00.000Z,2024-06-02T04:00:00.000Z
904,2024-06-03,1,2024-06-03T04:00:00.000Z,04:00:00.000Z,2024-06-03T04:00:00.000Z
905,2024-06-04,2,2024-06-04T04:00:00.000Z,04:00:00.000Z,2024-06-04T04:00:00.000Z
906,2024-06-05,1,2024-06-05T04:00:00.000Z,04:00:00.000Z,2024-06-05T04:00:00.000Z
907,2024-06-06,4,2024-06-06T04:00:00.000Z,04:00:00.000Z,2024-06-06T04:00:00.000Z
908,2024-06-10,1,2024-06-10T04:00:00.000Z,04:00:00.000Z,2024-06-10T04:00:00.000Z
909,2024-06-11,3,2024-06-11T04:00:00.000Z,04:00:00.000Z,2024-06-11T04:00:00.000Z
910,2024-06-12,2,2024-06-12T04:00:00.000Z,04:00:00.000Z,2024-06-12T04:00:00.000Z
911,2024-06-13,5,2024-06-13T04:00:00.000Z,04:00:00.000Z,2024-06-13T04:00:00.000Z
912,2024-06-17,2,2024-06-17T04:00:00.000Z,04:00:00.000Z,2024-06-17T04:00:00.000Z
913,2024-06-18,2,2024-06-18T04:00:00.000Z,04:00:00.000Z,2024-06-18T04:00:00.000Z
914,2024-06-19,2,2024-06-19T04:00:00.000Z,04:00:00.000Z,2024-06-19T04:00:00.000Z
915,2024-06-20,2,2024-06-20T04:00:00.000Z,04:00:00.000Z,2024-06-20T04:00:00.000Z
916,2024-06-21,2,2024-06-21T04:00:00.000Z,04:00:00.000Z,2024-06-21T04:00:00.000Z
917,2024-06-24,2,2024-06-24T04:00:00.000Z,04:00:00.000Z,2024-06-24T04:00:00.000Z
918,2024-06-25,6,2024-06-25T04:00:00.000Z,04:00:00.000Z,2024-06-25T04:00:00.000Z
919,2024-06-26,4,2024-06-26T04:00:00.000Z,04:00:00.000Z,2024-06-26T04:00:00.000Z
920,2024-06-27,2,2024-06-27T04:00:00.000Z,04:00:00.000Z,2024-06-27T04:00:00.000Z
921,2024-06-28,1,2024-06-28T04:00:00.000Z,04:00:00.000Z,2024-06-28T04:00:00.000Z
922,2024-06-29,1,2024-06-29T04:00:00.000Z,04:00:00.000Z,2024-06-29T04:00:00.000Z
923,2024-06-30,1,2024-06-30T04:00:00.000Z,04:00:00.000Z,2024-06-30T04:00:00.000Z
924,2024-07-11,3,2024-07-11T04:00:00.000Z,04:00:00.000Z,2024-07-11T04:00:00.000Z
925,2024-07-12,1,2024-07-12T04:00:00.000Z,04:00:00.000Z,2024-07-12T04:00:00.000Z
926,2024-07-16,1,2024-07-16T04:00:00.000Z,04:00:00.000Z,2024-07-16T04:00:00.000Z
927,2024-07-17,2,2024-07-17T04:00:00.000Z,04:00:00.000Z,2024-07-17T04:00:00.000Z
928,2024-07-18,2,2024-07-18T04:00:00.000Z,04:00:00.000Z,2024-07-18T04:00:00.000Z
929,2024-07-27,1,2024-07-27T04:00:00.000Z,04:00:00.000Z,2024-07-27T04:00:00.000Z
930,2024-07-31,1,2024-07-31T04:00:00.000Z,04:00:00.000Z,2024-07-31T04:00:00.000Z
931,2024-08-03,2,2024-08-03T04:00:00.000Z,04:00:00.000Z,2024-08-03T04:00:00.000Z
932,2024-08-06,16,2024-08-06T04:00:00.000Z,04:00:00.000Z,2024-08-06T04:00:00.000Z
933,2024-08-07,1,2024-08-07T04:00:00.000Z,04:00:00.000Z,2024-08-07T04:00:00.000Z
934,2024-08-08,3,2024-08-08T04:00:00.000Z,04:00:00.000Z,2024-08-08T04:00:00.000Z
935,2024-08-10,1,2024-08-10T04:00:00.000Z,04:00:00.000Z,2024-08-10T04:00:00.000Z
936,2024-08-11,1,2024-08-11T04:00:00.000Z,04:00:00.000Z,2024-08-11T04:00:00.000Z
937,2024-08-13,2,2024-08-13T04:00:00.000Z,04:00:00.000Z,2024-08-13T04:00:00.000Z
938,2024-08-14,2,2024-08-14T04:00:00.000Z,04:00:00.000Z,2024-08-14T04:00:00.000Z
939,2024-08-15,1,2024-08-15T04:00:00.000Z,04:00:00.000Z,2024-08-15T04:00:00.000Z
940,2024-08-16,2,2024-08-16T04:00:00.000Z,04:00:00.000Z,2024-08-16T04:00:00.000Z
941,2024-08-21,1,2024-08-21T04:00:00.000Z,04:00:00.000Z,2024-08-21T04:00:00.000Z
942,2024-08-22,1,2024-08-22T04:00:00.000Z,04:00:00.000Z,2024-08-22T04:00:00.000Z
943,2024-08-24,1,2024-08-24T04:00:00.000Z,04:00:00.000Z,2024-08-24T04:00:00.000Z
944,2024-09-01,2,2024-09-01T04:00:00.000Z,04:00:00.000Z,2024-09-01T04:00:00.000Z
945,2024-09-03,1,2024-09-03T04:00:00.000Z,04:00:00.000Z,2024-09-03T04:00:00.000Z
946,2024-09-04,1,2024-09-04T04:00:00.000Z,04:00:00.000Z,2024-09-04T04:00:00.000Z
947,2024-09-05,4,2024-09-05T04:00:00.000Z,04:00:00.000Z,2024-09-05T04:00:00.000Z
948,2024-09-06,1,2024-09-06T04:00:00.000Z,04:00:00.000Z,2024-09-06T04:00:00.000Z
949,2024-09-07,1,2024-09-07T04:00:00.000Z,04:00:00.000Z,2024-09-07T04:00:00.000Z
950,2024-09-08,2,2024-09-08T04:00:00.000Z,04:00:00.000Z,2024-09-08T04:00:00.000Z
951,2024-09-09,2,2024-09-09T04:00:00.000Z,04:00:00.000Z,2024-09-09T04:00:00.000Z
952,2024-09-10,3,2024-09-10T04:00:00.000Z,04:00:00.000Z,2024-09-10T04:00:00.000Z
953,2024-09-11,3,2024-09-11T04:00:00.000Z,04:00:00.000Z,2024-09-11T04:00:00.000Z
954,2024-09-12,1,2024-09-12T04:00:00.000Z,04:00:00.000Z,2024-09-12T04:00:00.000Z
955,2024-09-13,1,2024-09-13T04:00:00.000Z,04:00:00.000Z,2024-09-13T04:00:00.000Z
956,2024-09-14,1,2024-09-14T04:00:00.000Z,04:00:00.000Z,2024-09-14T04:00:00.000Z
957,2024-09-16,2,2024-09-16T04:00:00.000Z,04:00:00.000Z,2024-09-16T04:00:00.000Z
958,2024-09-17,4,2024-09-17T04:00:00.000Z,04:00:00.000Z,2024-09-17T04:00:00.000Z
959,2024-09-18,4,2024-09-18T04:00:00.000Z,04:00:00.000Z,2024-09-18T04:00:00.000Z
960,2024-09-19,2,2024-09-19T04:00:00.000Z,04:00:00.000Z,2024-09-19T04:00:00.000Z
961,2024-09-20,2,2024-09-20T04:00:00.000Z,04:00:00.000Z,2024-09-20T04:00:00.000Z
962,2024-09-26,1,2024-09-26T04:00:00.000Z,04:00:00.000Z,2024-09-26T04:00:00.000Z
963,2024-09-27,1,2024-09-27T04:00:00.000Z,04:00:00.000Z,2024-09-27T04:00:00.000Z
964,2024-09-29,1,2024-09-29T04:00:00.000Z,04:00:00.000Z,2024-09-29T04:00:00.000Z
965,2024-09-30,1,2024-09-30T04:00:00.000Z,04:00:00.000Z,2024-09-30T04:00:00.000Z
966,2024-10-01,2,2024-10-01T04:00:00.000Z,04:00:00.000Z,2024-10-01T04:00:00.000Z
967,2024-10-05,1,2024-10-05T04:00:00.000Z,04:00:00.000Z,2024-10-05T04:00:00.000Z
968,2024-10-07,3,2024-10-07T04:00:00.000Z,04:00:00.000Z,2024-10-07T04:00:00.000Z
969,2024-10-08,2,2024-10-08T04:00:00.000Z,04:00:00.000Z,2024-10-08T04:00:00.000Z
970,2024-10-09,3,2024-10-09T04:00:00.000Z,04:00:00.000Z,2024-10-09T04:00:00.000Z
971,2024-10-10,3,2024-10-10T04:00:00.000Z,04:00:00.000Z,2024-10-10T04:00:00.000Z
972,2024-10-15,5,2024-10-15T04:00:00.000Z,04:00:00.000Z,2024-10-15T04:00:00.000Z
973,2024-10-16,2,2024-10-16T04:00:00.000Z,04:00:00.000Z,2024-10-16T04:00:00.000Z
974,2024-10-17,1,2024-10-17T04:00:00.000Z,04:00:00.000Z,2024-10-17T04:00:00.000Z
975,2024-10-19,1,2024-10-19T04:00:00.000Z,04:00:00.000Z,2024-10-19T04:00:00.000Z
976,2024-10-20,1,2024-10-20T04:00:00.000Z,04:00:00.000Z,2024-10-20T04:00:00.000Z
977,2024-10-21,1,2024-10-21T04:00:00.000Z,04:00:00.000Z,2024-10-21T04:00:00.000Z
978,2024-10-22,2,2024-10-22T04:00:00.000Z,04:00:00.000Z,2024-10-22T04:00:00.000Z
979,2024-10-24,1,2024-10-24T04:00:00.000Z,04:00:00.000Z,2024-10-24T04:00:00.000Z
980,2024-10-25,1,2024-10-25T04:00:00.000Z,04:00:00.000Z,2024-10-25T04:00:00.000Z
981,2024-10-29,1,2024-10-29T04:00:00.000Z,04:00:00.000Z,2024-10-29T04:00:00.000Z
982,2024-11-07,3,2024-11-07T05:00:00.000Z,05:00:00.000Z,2024-11-07T05:00:00.000Z
983,2024-11-08,1,2024-11-08T05:00:00.000Z,05:00:00.000Z,2024-11-08T05:00:00.000Z
984,2024-11-09,1,2024-11-09T05:00:00.000Z,05:00:00.000Z,2024-11-09T05:00:00.000Z
985,2024-11-12,2,2024-11-12T05:00:00.000Z,05:00:00.000Z,2024-11-12T05:00:00.000Z
986,2024-11-13,3,2024-11-13T05:00:00.000Z,05:00:00.000Z,2024-11-13T05:00:00.000Z
987,2024-11-14,2,2024-11-14T05:00:00.000Z,05:00:00.000Z,2024-11-14T05:00:00.000Z
988,2024-11-18,1,2024-11-18T05:00:00.000Z,05:00:00.000Z,2024-11-18T05:00:00.000Z
989,2024-11-19,4,2024-11-19T05:00:00.000Z,05:00:00.000Z,2024-11-19T05:00:00.000Z
990,2024-11-20,4,2024-11-20T05:00:00.000Z,05:00:00.000Z,2024-11-20T05:00:00.000Z
991,2024-11-21,3,2024-11-21T05:00:00.000Z,05:00:00.000Z,2024-11-21T05:00:00.000Z
992,2024-11-23,2,2024-11-23T05:00:00.000Z,05:00:00.000Z,2024-11-23T05:00:00.000Z
993,2024-11-25,1,2024-11-25T05:00:00.000Z,05:00:00.000Z,2024-11-25T05:00:00.000Z
994,2024-11-26,5,2024-11-26T05:00:00.000Z,05:00:00.000Z,2024-11-26T05:00:00.000Z
995,2024-11-27,1,2024-11-27T05:00:00.000Z,05:00:00.000Z,2024-11-27T05:00:00.000Z
996,2024-12-02,1,2024-12-02T05:00:00.000Z,05:00:00.000Z,2024-12-02T05:00:00.000Z
997,2024-12-03,1,2024-12-03T05:00:00.000Z,05:00:00.000Z,2024-12-03T05:00:00.000Z
998,2024-12-04,1,2024-12-04T05:00:00.000Z,05:00:00.000Z,2024-12-04T05:00:00.000Z
999,2024-12-05,5,2024-12-05T05:00:00.000Z,05:00:00.000Z,2024-12-05T05:00:00.000Z
1000,2024-12-07,1,2024-12-07T05:00:00.000Z,05:00:00.000Z,2024-12-07T05:00:00.000Z
1001,2024-12-09,1,2024-12-09T05:00:00.000Z,05:00:00.000Z,2024-12-09T05:00:00.000Z
1002,2024-12-10,3,2024-12-10T05:00:00.000Z,05:00:00.000Z,2024-12-10T05:00:00.000Z
1003,2024-12-11,6,2024-12-11T05:00:00.000Z,05:00:00.000Z,2024-12-11T05:00:00.000Z
1004,2024-12-12,2,2024-12-12T05:00:00.000Z,05:00:00.000Z,2024-12-12T05:00:00.000Z
1005,2024-12-14,2,2024-12-14T05:00:00.000Z,05:00:00.000Z,2024-12-14T05:00:00.000Z
1006,2024-12-17,4,2024-12-17T05:00:00.000Z,05:00:00.000Z,2024-12-17T05:00:00.000Z
1007,2024-12-18,4,2024-12-18T05:00:00.000Z,05:00:00.000Z,2024-12-18T05:00:00.000Z
1008,2024-12-24,1,2024-12-24T05:00:00.000Z,05:00:00.000Z,2024-12-24T05:00:00.000Z
1009,2024-12-31,1,2024-12-31T05:00:00.000Z,05:00:00.000Z,2024-12-31T05:00:00.000Z
